/*
 Navicat Premium Data Transfer

 Source Server          :  local
 Source Server Type     :  MySQL
 Source Server Version  : 80022 
 Source Host            :  localhost :  3306
 Source Schema          :  chengyu

 Target Server Type     :  MySQL
 Target Server Version  :   80022
 File Encoding          :   65001

 Date :   24 / 04/ 2021 08 : 45 : 54
*/

SET NAMES utf8mb4 ; 
SET FOREIGN_KEY_CHECKS =  0 ; 

-- ----------------------------
-- Table structure for idoms
-- ----------------------------
DROP TABLE IF EXISTS `idoms`; 
CREATE TABLE `idoms`  (
  `id` int( 0 ) NOT NULL, 
  `name` varchar(20) CHARACTER SET utf8mb4 COLLATE utf8mb4_0900_ai_ci NULL DEFAULT NULL, 
  `sort` int( 0 ) NULL DEFAULT NULL, 
  `video` varchar( 50 ) CHARACTER SET utf8mb4  COLLATE utf8mb4_0900_ai_ci NULL DEFAULT NULL, 
  `img` varchar( 100 ) CHARACTER SET utf8mb4  COLLATE utf8mb4_0900_ai_ci NULL DEFAULT NULL, 
  `descri_ch` varchar( 1000 ) CHARACTER SET utf8mb4  COLLATE utf8mb4_0900_ai_ci NULL DEFAULT NULL, 
  `descri_py` varchar( 1000 ) CHARACTER SET utf8mb4  COLLATE utf8mb4_0900_ai_ci NULL DEFAULT NULL, 
  `story_ch` varchar( 1000 ) CHARACTER SET utf8mb4  COLLATE utf8mb4_0900_ai_ci NULL DEFAULT NULL, 
  `story_py` varchar( 5000 ) CHARACTER SET utf8mb4  COLLATE utf8mb4_0900_ai_ci NULL DEFAULT NULL, 
  PRIMARY KEY (`id`) USING BTREE
) ENGINE = InnoDB CHARACTER SET = utf8mb4  COLLATE = utf8mb4_0900_ai_ci ROW_FORMAT = Dynamic; 

-- ----------------------------
-- Records of idoms
-- ----------------------------
INSERT INTO `idoms` VALUES ( 1 ,  '负荆请罪',   1 ,  '负荆请罪.mp4',  '负荆请罪.jpg',  '表示向人认错赔罪 。出自 《 史记 ・ 廉颇蔺相如列传  》 ' ,  'biǎo shì xiàng rén rèn cuò péi zuì 。 chū zì 《 shǐ jì ・ lián pō lìn xiàng rú liè chuán 》 ',  '蔺相如因为 “  完璧归赵 ”  与渑池会盟有功而被封为上卿 ，位在廉颇之上 。廉颇很不服气 ，扬言要当面羞辱蔺相如 。 蔺相如得知后 ， 尽量回避  、  容让 ，不与廉颇发生冲突 。 蔺相如的门客以为他畏惧廉颇 ， 然而蔺相如说  ： “  秦国不敢侵略我们赵国 ， 是因为有我和廉将军 。 我对廉将军容忍 、 退让 ， 是把国家的危难放在前面 ， 把个人的私仇放在后面啊 ！ ”  这话被廉颇听到 ， 就有了廉颇 “  负荆请罪 ” 的故事 。 ' ,  'lìn xiàng rú yīn wéi “   wán bì guī zhào ”  yǔ miǎn chí huì méng yǒu gōng ér bèi fēng wéi shàng qīng ， wèi zài lián pō zhī shàng 。 lián pō hěn bú fú qì  ，  yáng yán yào dāng miàn xiū rǔ lìn xiàng rú  。  lìn xiàng rú dé zhī hòu  ，  jìn liàng huí bì  、  róng ràng  ，  bú yǔ lián pō fā shēng chōng tū  。  lìn xiàng rú de mén kè yǐ wéi tā wèi jù lián pō  ，  rán ér lìn xiàng rú shuō   ：  “   qín guó bú gǎn qīn luè wǒ men zhào guó   ，  shì yīn wéi yǒu wǒ hé lián jiāng jun    。  wǒ duì lián jiāng jun  róng rěn  、  tuì ràng  ，  shì bǎ guó jiā de wēi nán fàng zài qián miàn  ，  bǎ gè rén de sī chóu fàng zài hòu miàn ā ！  ”  zhè huà bèi lián pō tīng dào  ， jiù yǒu le lián pō “   fù jīng qǐng zuì ”  de gù shì  。 '); 
INSERT INTO `idoms` VALUES ( 2 ,  '毛遂自荐',   1 ,  '毛遂自荐.mp4',  '毛遂自荐.jpg',  '比喻自告奋勇 ， 自己推荐自己担任某项工作 。 出自《 史记 ・ 平原君虞卿列传  》  。 ',  'bǐ yù zì gào fèn yǒng  ， zì jǐ tuī jiàn zì jǐ dān rèn mǒu xiàng gōng zuò  。 chū zì 《 shǐ jì  ・ píng yuán jun   yú qīng liè chuán  》  。 ',  '战国后期 ， 公元前  2   5   9  年 ， 秦军包围了赵国都城邯郸 。  大敌当前 ， 赵国形势万分危急 。 平原君赵胜 ， 奉赵王之命 ， 去楚国求兵解围 。 平原君把门客召集起来 ， 挑选  2  0  个文武全才的门客一起去 。 经过挑选 ， 最后还缺一个人 。 门下有一个叫毛遂的人走上前来 ， 向平原君自我推荐说  ： “  听说先生将要到楚国去签订 ‘ 合纵 ’ 盟约 ， 约定与门客二十人一同前往 ， 而且不到外边去寻找 。 可是还少一个人 ， 希望先生就以毛遂凑足人数出发吧！ ”  平原君说  ： “  先生来到赵胜门下几年了  ?  ”  毛遂说  ： “  三年了 。 ”  平原君说  ： “  贤能的人处在世界上 ， 就好比锥子处在囊中 ， 它的尖梢立即就要显现出来 。 如今 ， 处在赵胜的门下已经三年了 ， 左右的人们对你没有称道 ， 赵胜也没听到赞语 ， 这是因为先生没有什么才能的缘故 。 所以先生不能一道前往 ， 请留下！ ”  毛遂说  ： “  我不过今天才请求进到囊中罢了 。 要是我早就处在囊中的话 ， 就会像锥子那样 ， 整个锋芒都会露出来 ， 不仅是尖梢露出来而已 。 ”  平原君终于带毛遂一道前往 。 * 到了楚国 ， 楚王只接见平原君一个人 。 两人坐在殿上 ， 从早晨谈到中午 ， 还没有结果 。 毛遂大步跨上台阶 ， 远远地大声叫起来  ： “  出兵的事 ， 非利即害 ， 非害即利 ， 简单而又明白 ， 为何议而不决  ?  ”  楚王非常恼火 ， 问平原君  ： “  此人是谁  ?  ”  平原君答道  ： “  此人名叫毛遂 ， 乃是我的门客！ ”  楚王喝道  ： “  赶紧退下！ 我和你主人说话 ， 你来干嘛  ?  ”  毛遂见楚王发怒 ， 不但不退下 ， 反而又走上几个台阶 。 他手按宝剑 ， 说  ： “  如今十步之内 ， 大王性命在我手中！ ”  楚王见毛遂那么勇敢 ， 没有再呵斥他 ， 就听毛遂讲话 。 毛遂就把出兵援赵有利楚国的道理 ， 作了精辟的分析 。 毛遂的一番话 ， 说得楚王心悦诚服 ， 答应马上出兵 。 不几天 ， 楚 、 魏等国联合出兵援赵 。 秦军撤退了 。 平原君回赵后 ， 待毛遂为上宾 。 他很感叹地说  ： “  毛先生一至楚 ， 楚王就不敢小看赵国 。 ” ',  'zhàn guó hòu qī  ， gōng yuán qián   2  5  9  nián  ， qín jun bāo wéi le zhào guó dōu chéng hán dān  。  dà dí dāng qián  ， zhào guó xíng shì wàn fèn wēi jí  。 píng yuán jun   zhào shèng  ， fèng zhào wáng zhī mìng  ， qù chǔ guó qiú bīng jiě wéi  。 píng yuán jun   bǎ mén kè zhào jí qǐ lái  ， tiāo xuǎn   2  0  gè wén wǔ quán cái de mén kè yī qǐ qù  。 jīng guò tiāo xuǎn  ， zuì hòu hái quē yī gè rén  。 mén xià yǒu yī gè jiào máo suí de rén zǒu shàng qián lái  ， xiàng píng yuán jun   zì wǒ tuī jiàn shuō   ：  “  tīng shuō xiān shēng jiāng yào dào chǔ guó qù qiān dìng  ‘  hé zòng  ’  méng yuē  ， yuē dìng yǔ mén kè èr shí rén yī tóng qián wǎng  ， ér qiě bú dào wài biān qù xún zhǎo  。 kě shì hái shǎo yī gè rén  ， xī wàng xiān shēng jiù yǐ máo suí còu zú rén shù chū fā ba ！ ”  píng yuán jun   shuō   ：  “  xiān shēng lái dào zhào shèng mén xià jǐ nián le   ?   ”  máo suí shuō   ： “  sān nián le  。 ”  píng yuán jun   shuō   ： “  xián néng de rén chù zài shì jiè shàng  ， jiù hǎo bǐ zhuī zǐ chù zài náng zhōng  ， tā de jiān shāo lì jí jiù yào xiǎn xiàn chū lái  。 rú jīn  ， chù zài zhào shèng de mén xià yǐ jīng sān nián le  ， zuǒ yòu de rén men duì nǐ méi yǒu chēng dào  ， zhào shèng yě méi tīng dào zàn yǔ  ， zhè shì yīn wéi xiān shēng méi yǒu shí me cái néng de yuán gù  。 suǒ yǐ xiān shēng bú néng yī dào qián wǎng  ， qǐng liú xià ！ ”  máo suí shuō   ：  “  wǒ bú guò jīn tiān cái qǐng qiú jìn dào náng zhōng bà le  。 yào shì wǒ zǎo jiù chù zài náng zhōng de huà  ， jiù huì xiàng zhuī zǐ nà yàng  ， zhěng gè fēng máng dōu huì lù chū lái  ， bú jǐn shì jiān shāo lù chū lái ér yǐ  。 ”  píng yuán jun   zhōng yú dài máo suí yī dào qián wǎng  。 * dào le chǔ guó  ， chǔ wáng zhī jiē jiàn píng yuán jun   yī gè rén  。 liǎng rén zuò zài diàn shàng  ， cóng zǎo chén tán dào zhōng wǔ  ， hái méi yǒu jié guǒ  。 máo suí dà bù kuà shàng tái jiē  ， yuǎn yuǎn dì dà shēng jiào qǐ lái   ： “  chū bīng de shì  ， fēi lì jí hài  ， fēi hài jí lì  ， jiǎn dān ér yòu míng bái  ， wéi hé yì ér bú jué   ?  ”  chǔ wáng fēi cháng nǎo huǒ  ， wèn píng yuán jun     ： “  cǐ rén shì shuí   ?  ”  píng yuán jun   dá dào   ： “  cǐ rén míng jiào máo suí  ， nǎi shì wǒ de mén kè ！ ”  chǔ wáng hē dào   ： “  gǎn jǐn tuì xià ！ wǒ hé nǐ zhǔ rén shuō huà  ， nǐ lái gàn ma   ?  ”  máo suí jiàn chǔ wáng fā nù  ， bú dàn bú tuì xià  ， fǎn ér yòu zǒu shàng jǐ gè tái jiē  。 tā shǒu àn bǎo jiàn  ， shuō   ： “  rú jīn shí bù zhī nèi  ， dà wáng xìng mìng zài wǒ shǒu zhōng ！ ”  chǔ wáng jiàn máo suí nà me yǒng gǎn  ， méi yǒu zài hē chì tā  ， jiù tīng máo suí jiǎng huà  。 máo suí jiù bǎ chū bīng yuán zhào yǒu lì chǔ guó de dào lǐ  ， zuò le jīng pì de fèn xī  。 máo suí de yī fān huà  ， shuō dé chǔ wáng xīn yuè chéng fú  ， dá yīng mǎ shàng chū bīng  。 bú jǐ tiān  ， chǔ  、 wèi děng guó lián hé chū bīng yuán zhào  。 qín jun   chè tuì le  。 píng yuán jun   huí zhào hòu  ， dài máo suí wéi shàng bīn  。 tā hěn gǎn tàn dì shuō   ： “  máo xiān shēng yī zhì chǔ  ， chǔ wáng jiù bú gǎn xiǎo kàn zhào guó  。 ” '); 
INSERT INTO `idoms` VALUES ( 3 ,  '曹冲称象',   1 ,  '曹冲称象.mp4',  '曹冲称象.jpg',  '说明年龄不在大小 ， 关键是遇事要善于观察 ， 开动脑筋想办法 ， 小孩也能办大事 。 出自《 三国志 》  。 ',  'shuō míng nián líng bú zài dà xiǎo  ， guān jiàn shì yù shì yào shàn yú guān chá  ， kāi dòng nǎo jīn xiǎng bàn fǎ  ， xiǎo hái yě néng bàn dà shì  。 chū zì 《 sān guó zhì  》  。 ',  '曹冲长到五六岁的时候 ， 知识和判断能力所达到的程度 ， 就可以比得上一个成年人了 。 有一次, 孙权送来一头巨象 ， 曹操想知道这象的重量 ， 询问属下 ， 都不能说出称象的办法 。 这时曹冲说 : “  把象放到大船上, 在水面所达到的地方做上记号 ， 把象赶下船 ， 再让船装载石头 ， 当水面也达到记号的时候 ， 称一下这些石头的重量 ， 就能知道大象的重量了 。 ” 曹操听了很高兴 ， 马上照这个办法做了 。 实际上, 聪明的曹冲所用的方法是“  等量替换法”  ， 使“  大” 转化为“  小”  ， 分而治之 ， 这一难题就得到圆满的解决 。 ',  'cáo chōng zhǎng dào wǔ liù suì de shí hòu  ， zhī shí hé pàn duàn néng lì suǒ dá dào de chéng dù  ， jiù kě yǐ bǐ dé shàng yī gè chéng nián rén le  。 yǒu yī cì , sūn quán sòng lái yī tóu jù xiàng  ， cáo cāo xiǎng zhī dào zhè xiàng de zhòng liàng  ， xún wèn shǔ xià  ， dōu bú néng shuō chū chēng xiàng de bàn fǎ  。 zhè shí cáo chōng shuō  : “  bǎ xiàng fàng dào dà chuán shàng , zài shuǐ miàn suǒ dá dào de dì fāng zuò shàng jì hào  ， bǎ xiàng gǎn xià chuán  ， zài ràng chuán zhuāng zǎi shí tóu  ， dāng shuǐ miàn yě dá dào jì hào de shí hòu  ， chēng yī xià zhè xiē shí tóu de zhòng liàng  ， jiù néng zhī dào dà xiàng de zhòng liàng le  。 ” cáo cāo tīng le hěn gāo xìng  ， mǎ shàng zhào zhè gè bàn fǎ zuò le  。 shí jì shàng , cōng míng de cáo chōng suǒ yòng de fāng fǎ shì “  děng liàng tì huàn fǎ ”  ， shǐ “  dà ” zhuǎn huà wéi “  xiǎo ”  ， fèn ér zhì zhī  ， zhè yī nán tí jiù dé dào yuán mǎn de jiě jué  。 '); 
INSERT INTO `idoms` VALUES ( 4 ,  '鸟尽弓藏',   1 ,  '鸟尽弓藏.mp4',  '鸟尽弓藏.jpg',  '比喻事情成功之后 ， 把曾经出过力的人一脚踢开 。 出自《 史记 》  。 ',  'bǐ yù shì qíng chéng gōng zhī hòu  ， bǎ céng jīng chū guò lì de rén yī jiǎo tī kāi  。 chū zì 《 shǐ jì  》  。',  '春秋末期 ， 吴 、 越争霸 ， 越国被吴国打败 ， 屈服求和 。 越王勾践卧薪尝胆 ， 任用大夫文种 、 范蠡整顿国政 ， 经过十年的忍辱负重和励精图治 ， 使国家转弱为强 ， 终于击败吴国 ， 洗雪国耻 。 越王勾践灭了吴国 ， 在吴宫欢宴群臣时 ， 发觉范蠡不知去向 ， 第二天在太湖边找到了范蠡的外衣 ， 大家都以为范蠡投湖自杀了 。 可是过了不久 ， 有人给文种送来一封信 ， 上面写着  ： “  飞鸟打尽了 ， 弓箭就被收藏起来； 野兔捉光了 ， 猎狗就被杀了煮来吃； 敌国灭掉了 ， 谋臣就被废弃或遭害 。 越王为人 ， 只可和他共患难 ， 不宜与他同安乐 。 大夫至今不离他而去 ， 不久难免有杀身之祸 。 ”  文种此时方知范蠡并未死去 ， 而是隐居了起来 。 他虽然不尽相信信中所说的话 ， 但从此常告病不去上朝 ， 日久引起勾践疑忌 。 一天勾践登门探望文种 ， 临别留下佩剑让文仲自刎 ， 文种明白勾践的用意 ， 悔不该不听范蠡的劝告 ， 只得引剑自尽 。 ',  'chūn qiū mò qī  ， wú  、 yuè zhēng bà  ， yuè guó bèi wú guó dǎ bài  ， qū fú qiú hé  。 yuè wáng gōu jiàn wò xīn cháng dǎn  ， rèn yòng dà fū wén zhǒng  、 fàn lí zhěng dùn guó zhèng  ， jīng guò shí nián de rěn rǔ fù zhòng hé lì jīng tú zhì  ， shǐ guó jiā zhuǎn ruò wéi qiáng  ， zhōng yú jī bài wú guó  ， xǐ xuě guó chǐ  。 yuè wáng gōu jiàn miè le wú guó  ， zài wú gōng huān yàn qún chén shí  ， fā jiào fàn lí bú zhī qù xiàng  ， dì èr tiān zài tài hú biān zhǎo dào le fàn lí de wài yī  ， dà jiā dōu yǐ wéi fàn lí tóu hú zì shā le  。 kě shì guò le bú jiǔ  ， yǒu rén gěi wén zhǒng sòng lái yī fēng xìn  ， shàng miàn xiě zhe   ： “  fēi niǎo dǎ jìn le  ， gōng jiàn jiù bèi shōu cáng qǐ lái ； yě tù zhuō guāng le  ， liè gǒu jiù bèi shā le zhǔ lái chī ； dí guó miè diào le  ， móu chén jiù bèi fèi qì huò zāo hài  。 yuè wáng wéi rén  ， zhī kě hé tā gòng huàn nán  ， bú yí yǔ tā tóng ān lè  。 dà fū zhì jīn bú lí tā ér qù  ， bú jiǔ nán miǎn yǒu shā shēn zhī huò  。 ”  wén zhǒng cǐ shí fāng zhī fàn lí bìng wèi sǐ qù  ， ér shì yǐn jū le qǐ lái  。 tā suī rán bú jìn xiàng xìn xìn zhōng suǒ shuō de huà  ， dàn cóng cǐ cháng gào bìng bú qù shàng cháo  ， rì jiǔ yǐn qǐ gōu jiàn yí jì  。 yī tiān gōu jiàn dēng mén tàn wàng wén zhǒng  ， lín bié liú xià pèi jiàn ràng wén zhòng zì wěn  ， wén zhǒng míng bái gōu jiàn de yòng yì  ， huǐ bú gāi bú tīng fàn lí de quàn gào  ， zhī dé yǐn jiàn zì jìn  。 '); 
INSERT INTO `idoms` VALUES ( 5 ,  '杯弓蛇影',   1 ,  '杯弓蛇影.mp4',  '杯弓蛇影.jpg',  '比喻因疑神疑鬼而引起恐惧 。 出自《 风俗通义 ・ 怪神 》  。 ',  'bǐ yù yīn yí shén yí guǐ ér yǐn qǐ kǒng jù  。 chū zì 《 fēng sú tōng yì  ・ guài shén  》  。 ',  '晋朝有一位名叫乐广的人 ， 非常喜欢结交朋友 ， 并经常请朋友到家里喝酒聊天 。 一天请他的好朋友到家中喝酒 。 那位朋友拿起酒杯 ， 忽然看见酒杯中有一条小蛇在晃动 ， 但是出于礼貌 ， 还是勉强把酒喝了下去 。 但是 ， 那位朋友回家后就生了重病 。 听说朋友病了 ， 乐广特地前去看望 ， 并且问明了得病的原因 。 乐广心里很纳闷  ： 酒杯里怎么会有小蛇呢  ?  会不会是他看错了呢  ?  为了弄清事实 ， 乐广回到家里 ， 便坐在那位朋友曾坐过的位置上 ， 斟满酒杯 ， 查看起来 。 忽然 ， 他看到了酒杯中的小蛇 ， 原来是挂在墙上的一张弓映在酒杯里的影子 。 乐广大喜过望 ， 立刻到朋友家里 ， 把真相告诉了那位朋友 。 那个人解除了心病 ， 身体立刻好了起来 。 ',  'jìn cháo yǒu yī wèi míng jiào lè guǎng de rén  ， fēi cháng xǐ huān jié jiāo péng yǒu  ， bìng jīng cháng qǐng péng yǒu dào jiā lǐ hē jiǔ liáo tiān  。 yī tiān qǐng tā de hǎo péng yǒu dào jiā zhōng hē jiǔ  。 nà wèi péng yǒu ná qǐ jiǔ bēi  ， hū rán kàn jiàn jiǔ bēi zhōng yǒu yī tiáo xiǎo shé zài huǎng dòng  ， dàn shì chū yú lǐ mào  ， hái shì miǎn qiáng bǎ jiǔ hē le xià qù  。 dàn shì  ， nà wèi péng yǒu huí jiā hòu jiù shēng le zhòng bìng  。 tīng shuō péng yǒu bìng le  ， lè guǎng tè dì qián qù kàn wàng  ， bìng qiě wèn míng le dé bìng de yuán yīn  。 lè guǎng xīn lǐ hěn nà mèn   ： jiǔ bēi lǐ zěn me huì yǒu xiǎo shé ne   ?  huì bú huì shì tā kàn cuò le ne   ?  wéi le nòng qīng shì shí  ， lè guǎng huí dào jiā lǐ  ， biàn zuò zài nà wèi péng yǒu céng zuò guò de wèi zhì shàng  ， zhēn mǎn jiǔ bēi  ， chá kàn qǐ lái  。 hū rán  ， tā kàn dào le jiǔ bēi zhōng de xiǎo shé  ， yuán lái shì guà zài qiáng shàng de yī zhāng gōng yìng zài jiǔ bēi lǐ de yǐng zǐ  。 lè guǎng dà xǐ guò wàng  ， lì kè dào péng yǒu jiā lǐ  ， bǎ zhēn xiàng gào sù le nà wèi péng yǒu  。 nà gè rén jiě chú le xīn bìng  ， shēn tǐ lì kè hǎo le qǐ lái  。 '); 
INSERT INTO `idoms` VALUES ( 6 ,  '卧薪尝胆',   1 ,  '卧薪尝胆.mp4',  '卧薪尝胆.jpg',  '形容一个人忍辱负重 ， 发愤图强 。 出自《 史记 ・ 越王勾践世家 》  。 ',  'xíng róng yī gè rén rěn rǔ fù zhòng  ， fā fèn tú qiáng  。 chū zì 《 shǐ jì  ・ yuè wáng gōu jiàn shì jiā  》  。 ',  '春秋时期 ， 吴王夫差凭着自己国力强大 ， 领兵攻打越国 。 结果越国战败 ， 越王勾践于是被抓到吴国 。 吴王为了羞辱越王 ， 因此派他看墓与喂马这些奴仆才做的工作 。 越王心里虽然很不服气 ， 但仍然极力装出忠心顺从的样子 。 吴王出门时 ， 他走在前面牵着马; 吴王生病时 ， 他在床前尽力照项 ， 吴王看他这样尽心伺候自己 ， 觉得他对自己非常忠心 ， 最后就允许他返回越国 。 * 越王回国后 ， 决心洗刷自己在吴国当囚徒的耻辱 。 为了告诫自己不要忘记复仇雪恨 ， 他每天睡在坚硬的木柴上 ， 还在门上吊一颗苦胆 ， 吃饭和睡觉前都要品尝一下 ， 为的就是要让自己记住教训 。 除此之外 ， 他还经常到民间视察民情 ， 替百姓解决问题 ， 让人民安居乐业 ， 同时加强军队的训练 。 * 经过十年的艰苦奋斗 ， 越国变得国富兵强 ， 于是越王亲自率领军队进攻吴国 ， 也成功取得胜利 ， 吴王夫差羞愧得在战败后自杀 。 后来 ， 越国又趁胜进军中原 ， 成为春秋末期的一大强国 。 ',  'chūn qiū shí qī  ， wú wáng fū chà píng zhe zì jǐ guó lì qiáng dà  ， lǐng bīng gōng dǎ yuè guó  。 jié guǒ yuè guó zhàn bài  ， yuè wáng gōu jiàn yú shì bèi zhuā dào wú guó  。 wú wáng wéi le xiū rǔ yuè wáng  ， yīn cǐ pài tā kàn mù yǔ wèi mǎ zhè xiē nú pú cái zuò de gōng zuò  。 yuè wáng xīn lǐ suī rán hěn bú fú qì  ， dàn réng rán jí lì zhuāng chū zhōng xīn shùn cóng de yàng zǐ  。 wú wáng chū mén shí  ， tā zǒu zài qián miàn qiān zhe mǎ ;  wú wáng shēng bìng shí  ， tā zài chuáng qián jìn lì zhào xiàng  ， wú wáng kàn tā zhè yàng jìn xīn sì hòu zì jǐ  ， jiào dé tā duì zì jǐ fēi cháng zhōng xīn  ， zuì hòu jiù yǔn xǔ tā fǎn huí yuè guó  。 * yuè wáng huí guó hòu  ， jué xīn xǐ shuā zì jǐ zài wú guó dāng qiú tú de chǐ rǔ  。 wéi le gào jiè zì jǐ bú yào wàng jì fù chóu xuě hèn  ， tā měi tiān shuì zài jiān yìng de mù chái shàng  ， hái zài mén shàng diào yī kē kǔ dǎn  ， chī fàn hé shuì jiào qián dōu yào pǐn cháng yī xià  ， wéi de jiù shì yào ràng zì jǐ jì zhù jiāo xùn  。 chú cǐ zhī wài  ， tā hái jīng cháng dào mín jiān shì chá mín qíng  ， tì bǎi xìng jiě jué wèn tí  ， ràng rén mín ān jū lè yè  ， tóng shí jiā qiáng jun   duì de xùn liàn  。 * jīng guò shí nián de jiān kǔ fèn dòu  ， yuè guó biàn dé guó fù bīng qiáng  ， yú shì yuè wáng qīn zì lǜ lǐng jun   duì jìn gōng wú guó  ， yě chéng gōng qǔ dé shèng lì  ， wú wáng fū chà xiū kuì dé zài zhàn bài hòu zì shā  。 hòu lái  ， yuè guó yòu chèn shèng jìn jun   zhōng yuán  ， chéng wéi chūn qiū mò qī de yī dà qiáng guó  。 '); 
INSERT INTO `idoms` VALUES ( 7 ,  '闻鸡起舞',   1 ,  '闻鸡起舞.mp4',  '闻鸡起舞.jpg',  '比喻有志报国的人即时奋起 。 出自《 晋书 ・ 祖逖传 》  。 ',  'bǐ yù yǒu zhì bào guó de rén jí shí fèn qǐ  。 chū zì 《 jìn shū  ・ zǔ tì chuán  》  。 ',  '晋代的祖逖是个胸怀坦荡 、 具有远大抱负的人 。 可他小时候却是个不爱读书的淘气孩子 。 进入青年时代 ， 他意识到自己知识的贫乏 ， 深感不读书无以报效国家 ， 于是就发奋读起书来 。 祖逖  2  4  岁的时候 ， 曾有人推荐他去做官 ， 他没有答应 ， 仍然不懈地努力读书 。 * 后来 ， 祖逖和幼时的好友刘琨一志担任司州主簿 。 他与刘琨感情深厚 ， 不仅常常同床而卧 ， 同被而眠 ， 而且还有着共同的远大理想  ： 建功立业 ， 复兴晋国 ， 成为国家的栋梁之才 。 * 一次 ， 半夜里祖逖在睡梦中听到公鸡的鸣叫声 ， 他一脚把刘琨踢醒 ， 对他说 : “   你听见鸡叫了吗  ?  ” 刘琨说 : “   半夜听见鸡叫不吉利 。 ” “  我偏不这样想 ，  咱们干脆以后听见鸡叫就起床练剑如何  ? ” 刘琨欣然同意 。 * 于是, 他们每天鸡叫后就起床练剑 ， 剑光飞舞 ， 剑声铿锵 。 春去冬来 ， 寒来暑往 ， 从不间断 。 功夫不负有心人 ， 经过长期的刻苦学习和训练 ， 他们终于成为了能文能武的全才 ， 既能写得一手好文章 ， 又能带兵打胜仗 。 ',  'jìn dài de zǔ tì shì gè xiōng huái tǎn dàng  、 jù yǒu yuǎn dà bào fù de rén  。 kě tā xiǎo shí hòu què shì gè bú ài dú shū de táo qì hái zǐ  。 jìn rù qīng nián shí dài  ， tā yì shí dào zì jǐ zhī shí de pín fá  ， shēn gǎn bú dú shū wú yǐ bào xiào guó jiā  ， yú shì jiù fā fèn dú qǐ shū lái  。 zǔ tì   2  4  suì de shí hòu  ， céng yǒu rén tuī jiàn tā qù zuò guān  ， tā méi yǒu dá yīng  ， réng rán bú xiè dì nǔ lì dú shū  。 * hòu lái  ， zǔ tì hé yòu shí de hǎo yǒu liú kūn yī zhì dān rèn sī zhōu zhǔ bù  。 tā yǔ liú kūn gǎn qíng shēn hòu  ， bú jǐn cháng cháng tóng chuáng ér wò  ， tóng bèi ér mián  ， ér qiě hái yǒu zhe gòng tóng de yuǎn dà lǐ xiǎng   ： jiàn gōng lì yè  ， fù xìng jìn guó  ， chéng wéi guó jiā de dòng liáng zhī cái  。 * yī cì  ， bàn yè lǐ zǔ tì zài shuì mèng zhōng tīng dào gōng jī de míng jiào shēng  ， tā yī jiǎo bǎ liú kūn tī xǐng  ， duì tā shuō  : “   nǐ tīng jiàn jī jiào le ma   ?  ” liú kūn shuō  : “   bàn yè tīng jiàn jī jiào bú jí lì  。 ” “  wǒ piān bú zhè yàng xiǎng  ，  zán men gàn cuì yǐ hòu tīng jiàn jī jiào jiù qǐ chuáng liàn jiàn rú hé   ? ” liú kūn xīn rán tóng yì  。 * yú shì , tā men měi tiān jī jiào hòu jiù qǐ chuáng liàn jiàn  ， jiàn guāng fēi wǔ  ， jiàn shēng kēng qiāng  。 chūn qù dōng lái  ， hán lái shǔ wǎng  ， cóng bú jiān duàn  。 gōng fū bú fù yǒu xīn rén  ， jīng guò zhǎng qī de kè kǔ xué xí hé xùn liàn  ， tā men zhōng yú chéng wéi le néng wén néng wǔ de quán cái  ， jì néng xiě dé yī shǒu hǎo wén zhāng  ， yòu néng dài bīng dǎ shèng zhàng  。 '); 
INSERT INTO `idoms` VALUES ( 8 ,  '太公钓鱼',   1 ,  '太公钓鱼.mp4',  '太公钓鱼.jpg',  '源自歇后语  ： 姜太公钓鱼 — —  愿者上钩 。 ',  'yuán zì xiē hòu yǔ   ： jiāng tài gōng diào yú — —  yuàn zhě shàng gōu  。 ',  '姜太公钓鱼是发生于商周时期的历史传说故事 。 商纣暴虐 ， 周文王决心推翻暴政 。 太公姜子牙受师傅之命 ， 下界帮助文王 。 但姜子牙觉得自己半百之龄 、 又和文王没有交情 ， 很难获得文王赏识 。 于是在文王回都途中 ， 在河的一边 ， 用没有鱼饵的直钩钓鱼 。 大家知道 ， 鱼钩是弯的 ， 但是姜子牙却用直钩 ( 那其实也不能叫钩了 )  、 不用鱼饵 。 文王见到了 ， 觉得这是奇人 ( 古代人对奇人都很尊敬的 )  ， 于是主动跟他交谈 ， 发现这真是个大有用之才 ， 招入帐下 。 后来姜子牙帮助文王和他的儿子推翻商纣统治 ， 建立了周朝 。 ',  'jiāng tài gōng diào yú shì fā shēng yú shāng zhōu shí qī de lì shǐ chuán shuō gù shì  。 shāng zhòu bào nuè  ， zhōu wén wáng jué xīn tuī fān bào zhèng  。 tài gōng jiāng zǐ yá shòu shī fù zhī mìng  ， xià jiè bāng zhù wén wáng  。 dàn jiāng zǐ yá jiào dé zì jǐ bàn bǎi zhī líng  、 yòu hé wén wáng méi yǒu jiāo qíng  ， hěn nán huò dé wén wáng shǎng shí  。 yú shì zài wén wáng huí dōu tú zhōng  ， zài hé de yī biān  ， yòng méi yǒu yú ěr de zhí gōu diào yú  。 dà jiā zhī dào  ， yú gōu shì wān de  ， dàn shì jiāng zǐ yá què yòng zhí gōu   (  nà qí shí yě bú néng jiào gōu le  )  、 bú yòng yú ěr  。 wén wáng jiàn dào le  ， jiào dé zhè shì qí rén  (  gǔ dài rén duì qí rén dōu hěn zūn jìng de  )  ， yú shì zhǔ dòng gēn tā jiāo tán  ， fā xiàn zhè zhēn shì gè dà yǒu yòng zhī cái  ， zhāo rù zhàng xià  。 hòu lái jiāng zǐ yá bāng zhù wén wáng hé tā de ér zǐ tuī fān shāng zhòu tǒng zhì  ， jiàn lì le zhōu cháo  。 '); 
INSERT INTO `idoms` VALUES ( 9 ,  '凿壁借光',   1 ,  '凿壁借光.mp4',  '凿壁借光.jpg',  '形容家贫而读书刻苦学习的事情 。 出自《 西京杂记  》  。 ',  'xíng róng jiā pín ér dú shū kè kǔ xué xí de shì qíng  。 chū zì 《 xī jīng zá jì  》  。 ',  '西汉时期 ， 有个农民的孩子名叫匡衡 ， 他小时候很想读书 ， 可是因为家里穷 ， 没钱上学 。 于是他在农忙季节就给富人家里打工 ， 不要工钱 ， 只求别人借书给他看 。 * 他一天到晚都在地里干活 ， 只有中午休息时 ， 才有时间看书 。 常常一本书要十天半个月才能够读完 。 匡衡很着急 ， 他心想 : 白天我在地里干活 ， 没有时间看书 ， 我应该多利用晚上的时间看书 。 可是家里穷 ， 买不起点灯的油 。 这天晚上 ， 匡衡躺在床上背诵白天读过的书 。 突然看到墙壁上有亮光 。 他起床查看 ， 原来是墙壁裂了缝 ， 邻居家的灯光从裂缝透了过来 。 匡衡想了想 ， 找来一把小刀 ， 把裂缝挖大了一些 ， 这样透过来的光亮也大了 。 他就凑着透过来的灯光看书 。 匡衡就是这样刻苦学习的 。 后来他做了汉元帝的丞相 ， 成为了西汉时期著名的大学者 。 ',  'xī hàn shí qī  ， yǒu gè nóng mín de hái zǐ míng jiào kuāng héng  ， tā xiǎo shí hòu hěn xiǎng dú shū  ， kě shì yīn wéi jiā lǐ qióng  ， méi qián shàng xué  。 yú shì tā zài nóng máng jì jiē jiù gěi fù rén jiā lǐ dǎ gōng  ， bú yào gōng qián  ， zhī qiú bié rén jiè shū gěi tā kàn  。 * tā yī tiān dào wǎn dōu zài dì lǐ gàn huó  ， zhī yǒu zhōng wǔ xiū xī shí  ， cái yǒu shí jiān kàn shū  。 cháng cháng yī běn shū yào shí tiān bàn gè yuè cái néng gòu dú wán  。 kuāng héng hěn zhe jí  ， tā xīn xiǎng  : bái tiān wǒ zài dì lǐ gàn huó  ， méi yǒu shí jiān kàn shū  ， wǒ yīng gāi duō lì yòng wǎn shàng de shí jiān kàn shū  。 kě shì jiā lǐ qióng  ， mǎi bú qǐ diǎn dēng de yóu  。 zhè tiān wǎn shàng  ， kuāng héng tǎng zài chuáng shàng bèi sòng bái tiān dú guò de shū  。 tū rán kàn dào qiáng bì shàng yǒu liàng guāng  。 tā qǐ chuáng chá kàn  ， yuán lái shì qiáng bì liè le féng  ， lín jū jiā de dēng guāng cóng liè féng tòu le guò lái  。 kuāng héng xiǎng le xiǎng  ， zhǎo lái yī bǎ xiǎo dāo  ， bǎ liè féng wā dà le yī xiē  ， zhè yàng tòu guò lái de guāng liàng yě dà le  。 tā jiù còu zhe tòu guò lái de dēng guāng kàn shū  。 kuāng héng jiù shì zhè yàng kè kǔ xué xí de  。 hòu lái tā zuò le hàn yuán dì de chéng xiàng  ， chéng wéi le xī hàn shí qī zhe míng de dà xué zhě  。 '); 
INSERT INTO `idoms` VALUES ( 10 ,  '纸上谈兵',   1 ,  '纸上谈兵.mp4',  '纸上谈兵.jpg',  '比喻空谈理论 ， 不能解决实际问题 。 也比喻空谈不能成为现实 。 出自《 史记  ・ 廉颇蔺相如列传  》  。 ',  'bǐ yù kōng tán lǐ lùn  ， bú néng jiě jué shí jì wèn tí  。 yě bǐ yù kōng tán bú néng chéng wéi xiàn shí  。 chū zì 《 shǐ jì  ・ lián pō lìn xiàng rú liè chuán  》  。 ',  '战国时期 ， 赵国有一员大将名叫赵奢 ， 他屡立战功 ， 被封为马服君 。 赵奢的儿子名叫赵括 ， 他小时候就学习兵法 ， 谈论用兵打仗的事头头是道 ， 赵括曾经跟他的父亲赵奢议论过用兵打仗的事 ， 赵奢不能驳倒他 ， 但也不说他好 。 赵括的母亲觉得很奇怪就问赵奢其中的原因 ， 赵奢很担忧地说  ： “  打仗 ， 是生死攸关的事 ， 儿子虽然熟读兵法 ， 但是没有实战经验 ， 只会纸上谈兵 ， 将来若是率军打仗 ， 恐怕会遭到惨败 。 ”  后来有一次 ， 秦国派白起为将 ， 统率百万雄兵讨伐赵国 。 赵国命大将廉颇 ， 率四十万大军在长平阻击秦军 。 廉颇知道秦军人马众多 ， 粮草运输困难 ， 不利久战 。 他命令赵军凭险固守 ， 以便让秦兵不战自退 。 秦赵两国军队在长平相峙许久 ， 仍然不能有所突破 ， 白起无计可施 ， 眼看粮草接济不上 ， 急得六神无主 。 于是 ， 有将士献计让他派人到赵国散布流言 ， 说秦军根本不怕廉颇 ， 最怕的是赵括 。 赵王不知是计 ， 立即命赵括为将 ， 代替廉颇 。 蔺相如等人极力反对 ， 但赵王坚持 。 赵括到了前线 ， 全部变更了军法 ， 轻率地任用军官 ， 用书上所学的理论与秦军展开正面交锋 ， 结果因为不变通中了秦军的埋伏 ， 赵军四十余万全部被俘 ， 后被白起设计坑杀 。 赵国元气大伤 ， 不久被秦将王翦灭掉 。 ',  'zhàn guó shí qī  ， zhào guó yǒu yī yuán dà jiāng míng jiào zhào shē  ， tā lǚ lì zhàn gōng  ， bèi fēng wéi mǎ fú jun    。 zhào shē de ér zǐ míng jiào zhào kuò  ， tā xiǎo shí hòu jiù xué xí bīng fǎ  ， tán lùn yòng bīng dǎ zhàng de shì tóu tóu shì dào  ， zhào kuò céng jīng gēn tā de fù qīn zhào shē yì lùn guò yòng bīng dǎ zhàng de shì  ， zhào shē bú néng bó dǎo tā  ， dàn yě bú shuō tā hǎo  。 zhào kuò de mǔ qīn jiào dé hěn qí guài jiù wèn zhào shē qí zhōng de yuán yīn  ， zhào shē hěn dān yōu dì shuō   ： “  dǎ zhàng  ， shì shēng sǐ yōu guān de shì  ， ér zǐ suī rán shú dú bīng fǎ  ， dàn shì méi yǒu shí zhàn jīng yàn  ， zhī huì zhǐ shàng tán bīng  ， jiāng lái ruò shì lǜ jun   dǎ zhàng  ， kǒng pà huì zāo dào cǎn bài  。 ”  hòu lái yǒu yī cì  ， qín guó pài bái qǐ wéi jiāng  ， tǒng lǜ bǎi wàn xióng bīng tǎo fá zhào guó  。 zhào guó mìng dà jiāng lián pō  ， lǜ sì shí wàn dà jun   zài zhǎng píng zǔ jī qín jun    。 lián pō zhī dào qín jun   rén mǎ zhòng duō  ， liáng cǎo yùn shū kùn nán  ， bú lì jiǔ zhàn  。 tā mìng lìng zhào jun   píng xiǎn gù shǒu  ， yǐ biàn ràng qín bīng bú zhàn zì tuì  。 qín zhào liǎng guó jun   duì zài zhǎng píng xiàng zhì xǔ jiǔ  ， réng rán bú néng yǒu suǒ tū pò  ， bái qǐ wú jì kě shī  ， yǎn kàn liáng cǎo jiē jì bú shàng  ， jí dé liù shén wú zhǔ  。 yú shì  ， yǒu jiāng shì xiàn jì ràng tā pài rén dào zhào guó sàn bù liú yán  ， shuō qín jun   gēn běn bú pà lián pō  ， zuì pà de shì zhào kuò  。 zhào wáng bú zhī shì jì  ， lì jí mìng zhào kuò wéi jiāng  ， dài tì lián pō  。 lìn xiàng rú děng rén jí lì fǎn duì  ， dàn zhào wáng jiān chí  。 zhào kuò dào le qián xiàn  ， quán bù biàn gèng le jun   fǎ  ， qīng lǜ dì rèn yòng jun   guān  ， yòng shū shàng suǒ xué de lǐ lùn yǔ qín jun   zhǎn kāi zhèng miàn jiāo fēng  ， jié guǒ yīn wéi bú biàn tōng zhōng le qín jun  de mái fú  ， zhào jun   sì shí yú wàn quán bù bèi fú  ， hòu bèi bái qǐ shè jì kēng shā  。 zhào guó yuán qì dà shāng  ， bú jiǔ bèi qín jiāng wáng jiǎn miè diào  。 '); 
INSERT INTO `idoms` VALUES ( 11 ,  '偃旗息鼓',   1 ,  '偃旗息鼓.mp4',  '偃旗息鼓.jpg',  '比喻休战或无声无息地停止活动； 或停止做某事 。 出自《 三国志  》  。 ',  'bǐ yù xiū zhàn huò wú shēng wú xī dì tíng zhǐ huó dòng ； huò tíng zhǐ zuò mǒu shì  。 chū zì 《 sān guó zhì  》  。 ',  '三国时期 ， 汉中之战时 ， 蜀将黄忠杀死了魏将夏侯渊 ， 并夺取了战略要地 。 曹操将米仓移到汉水旁的北山脚下 ， 亲率大军向阳平关进攻 。 黄忠得知后建议赵云可以去偷袭北山 ， 赵云同意后 ， 派兵让黄忠前去劫取粮草 ， 但为了谨慎起见 ， 临行前赵云与黄忠约定时间后才让黄忠出征 。 黄忠过期不归赵云带兵出寨接应 ， 正与曹操亲自统率的部队相遇 。 赵云同曹军厮杀起来 ， 且战且退 ， 期间又救回了张著 。 * 曹操没有善罢甘休 ， 指挥大队人马追杀赵云 ， 直扑蜀营 。 赵云的副将张翼见赵云已退回本寨 ， 后面追兵来势凶猛 ， 便要关闭寨门拒守 。 赵云下令大开营门 ， 偃旗息鼓 ， 又命令弓弩手埋伏在寨内外等候敌人 。 * 生性多疑的曹操追到寨门口 ， 心想 ， 寨门大开 ， 必有伏兵 ， 即匆忙下令撤退 。 就在曹操军调头后退的时候 ， 蜀军营里金鼓齐鸣 ， 杀声震天 ， 飞箭如雨般向曹军射击 。 曹军惊骇 ， 自相蹂践 ， 坠入汉水中淹死者不计其数 。 ',  'sān guó shí qī  ， hàn zhōng zhī zhàn shí  ， shǔ jiāng huáng zhōng shā sǐ le wèi jiāng xià hóu yuān  ， bìng duó qǔ le zhàn luè yào dì  。 cáo cāo jiāng mǐ cāng yí dào hàn shuǐ páng de běi shān jiǎo xià  ， qīn lǜ dà jun   xiàng yáng píng guān jìn gōng  。 huáng zhōng dé zhī hòu jiàn yì zhào yún kě yǐ qù tōu xí běi shān  ， zhào yún tóng yì hòu  ， pài bīng ràng huáng zhōng qián qù jié qǔ liáng cǎo  ， dàn wéi le jǐn shèn qǐ jiàn  ， lín háng qián zhào yún yǔ huáng zhōng yuē dìng shí jiān hòu cái ràng huáng zhōng chū zhēng  。 huáng zhōng guò qī bú guī zhào yún dài bīng chū zhài jiē yīng  ， zhèng yǔ cáo cāo qīn zì tǒng lǜ de bù duì xiàng yù  。 zhào yún tóng cáo jun   sī shā qǐ lái  ， qiě zhàn qiě tuì  ， qī jiān yòu jiù huí le zhāng zhe  。 * cáo cāo méi yǒu shàn bà gān xiū  ， zhǐ huī dà duì rén mǎ zhuī shā zhào yún  ， zhí pū shǔ yíng  。 zhào yún de fù jiāng zhāng yì jiàn zhào yún yǐ tuì huí běn zhài  ， hòu miàn zhuī bīng lái shì xiōng měng  ， biàn yào guān bì zhài mén jù shǒu  。 zhào yún xià lìng dà kāi yíng mén  ， yǎn qí xī gǔ  ， yòu mìng lìng gōng nǔ shǒu mái fú zài zhài nèi wài děng hòu dí rén  。 * shēng xìng duō yí de cáo cāo zhuī dào zhài mén kǒu  ， xīn xiǎng  ， zhài mén dà kāi  ， bì yǒu fú bīng  ， jí cōng máng xià lìng chè tuì  。 jiù zài cáo cāo jun   diào tóu hòu tuì de shí hòu  ， shǔ jun   yíng lǐ jīn gǔ qí míng  ， shā shēng zhèn tiān  ， fēi jiàn rú yǔ bān xiàng cáo jun  shè jī  。 cáo jun   jīng hài  ， zì xiàng róu jiàn  ， zhuì rù hàn shuǐ zhōng yān sǐ zhě bú jì qí shù  。 '); 
INSERT INTO `idoms` VALUES ( 12 ,  '囊萤映雪',   1 ,  '囊萤映雪.mp4',  '囊萤映雪.jpg',  '比喻贫士苦读的典故 。 出自《 萧淑兰 》  。 ',  'bǐ yù pín shì kǔ dú de diǎn gù  。 chū zì 《 xiāo shū lán  》  。 ',  '晋代时 ， 孙康家里很贫穷 ， 买不起灯油 。 一天半夜 ， 孙康从睡梦中醒来 ， 把头侧向窗户时 ， 发现窗缝里透进一丝光亮 。 原来那是大雪映出来的光 。 他发现可以利用它来看书 。 于是他倦意顿失 ， 立即穿好衣服 ， 取出书籍 ， 来到屋外 。 宽阔的大地上映出的雪光 ， 比屋里要亮多了 。 孙康不顾寒冷 ， 立即看起书来 ， 手脚冻僵了 ， 就起身跑一跑 ， 同时搓搓手指 。 此后 ， 每逢有雪的晚上 ， 他就不放过这个好机会 ， 孜孜不倦地读书 。 这种苦学的精神 ， 促使他的学识突飞猛进 ， 成为饱学之士 。 后来 ， 他当了一个御史大夫 。 * 车胤从小好学不倦 ， 但因家境贫困 ， 父亲无法为他提供良好的学习环境 。 为了维持温饱 ， 没有多余的钱买灯油供他晚上读书 。 为此 ， 他只能利用白天时间背诵诗文 。  夏天的一个晚上 ， 他正在院子里背一篇文章 ， 忽然见许多萤火虫在低空中飞舞 。 一闪一闪的光点 ， 在黑暗中显得有些耀眼 。 他想 ， 如果把许多萤火虫集中在一起 ， 不就成为一盏灯了吗   ?  于是 ， 他去找了一只白绢口袋 ， 随即抓了几十只萤火虫放在里面 ， 再扎住袋口 ， 把它吊起来 。 虽然不怎么明亮 ， 但可勉强用来看书了 。 从此 ， 只要有萤火虫 ， 他就去抓一把来当作灯用 。 由于他勤学好问 ， 后来终有成就 ， 官至吏部尚书 。 ',  'sūn kāng jiā lǐ hěn pín qióng  ， mǎi bú qǐ dēng yóu  。 yī tiān bàn yè  ， sūn kāng cóng shuì mèng zhōng xǐng lái  ， bǎ tóu cè xiàng chuāng hù shí  ， fā xiàn chuāng féng lǐ tòu jìn yī sī guāng liàng  。 yuán lái nà shì dà xuě yìng chū lái de guāng  。 tā fā xiàn kě yǐ lì yòng tā lái kàn shū  。 yú shì tā juàn yì dùn shī  ， lì jí chuān hǎo yī fú  ， qǔ chū shū jí  ， lái dào wū wài  。 kuān kuò de dà dì shàng yìng chū de xuě guāng  ， bǐ wū lǐ yào liàng duō le  。 sūn kāng bú gù hán lěng  ， lì jí kàn qǐ shū lái  ， shǒu jiǎo dòng jiāng le  ， jiù qǐ shēn pǎo yī pǎo  ， tóng shí cuō cuō shǒu zhǐ  。 cǐ hòu  ， měi féng yǒu xuě de wǎn shàng  ， tā jiù bú fàng guò zhè gè hǎo jī huì  ， zī zī bú juàn dì dú shū  。 zhè zhǒng kǔ xué de jīng shén  ， cù shǐ tā de xué shí tū fēi měng jìn  ， chéng wéi bǎo xué zhī shì  。 hòu lái  ， tā dāng le yī gè yù shǐ dà fū  。 * jìn dài shí  ， chē yìn cóng xiǎo hǎo xué bú juàn  ， dàn yīn jiā jìng pín kùn  ， fù qīn wú fǎ wéi tā tí gòng liáng hǎo de xué xí huán jìng  。 wéi le wéi chí wēn bǎo  ， méi yǒu duō yú de qián mǎi dēng yóu gòng tā wǎn shàng dú shū  。 wéi cǐ  ， tā zhī néng lì yòng bái tiān shí jiān bèi sòng shī wén  。  xià tiān de yī gè wǎn shàng  ， tā zhèng zài yuàn zǐ lǐ bèi yī piān wén zhāng  ， hū rán jiàn xǔ duō yíng huǒ chóng zài dī kōng zhōng fēi wǔ  。 yī shǎn yī shǎn de guāng diǎn  ， zài hēi àn zhōng xiǎn dé yǒu xiē yào yǎn  。 tā xiǎng  ， rú guǒ bǎ xǔ duō yíng huǒ chóng jí zhōng zài yī qǐ  ， bú jiù chéng wéi yī zhǎn dēng le ma   ?  yú shì  ， tā qù zhǎo le yī zhī bái juàn kǒu dài  ， suí jí zhuā le jǐ shí zhī yíng huǒ chóng fàng zài lǐ miàn  ， zài zhā zhù dài kǒu  ， bǎ tā diào qǐ lái  。 suī rán bú zěn me míng liàng  ， dàn kě miǎn qiáng yòng lái kàn shū le  。 cóng cǐ  ， zhī yào yǒu yíng huǒ chóng  ， tā jiù qù zhuā yī bǎ lái dāng zuò dēng yòng  。 yóu yú tā qín xué hǎo wèn  ， hòu lái zhōng yǒu chéng jiù  ， guān zhì lì bù shàng shū  。 '); 
INSERT INTO `idoms` VALUES ( 13 ,  '邯郸学步',   1 ,  '邯郸学步.mp4',  '邯郸学步.jpg',  '比喻一味地模仿别人 ， 不仅没学到本事 ， 反而把原来的本事也丢了 。 出自《 庄子 ・ 秋水 》  。 ',  'bǐ yù yī wèi dì mó fǎng bié rén  ， bú jǐn méi xué dào běn shì  ， fǎn ér bǎ yuán lái de běn shì yě diū le  。 chū zì 《 zhuāng zǐ  ・ qiū shuǐ  》  。 ',  '战国时期 ， 燕国寿陵有个少年 ， 听说赵国邯郸人走路的姿势特别优美 ， 于是不顾路途遥远 ， 来到邯郸学习当地人走路的姿势 。 结果 ， 他不仅没有学到邯郸人走路的姿势 ， 还把自己原来走路的姿势也忘记了 ， 最后只好爬着回去 。 ',  'zhàn guó shí qī  ， yàn guó shòu líng yǒu gè shǎo nián  ， tīng shuō zhào guó hán dān rén zǒu lù de zī shì tè bié yōu měi  ， yú shì bú gù lù tú yáo yuǎn  ， lái dào hán dān xué xí dāng dì rén zǒu lù de zī shì  。 jié guǒ  ， tā bú jǐn méi yǒu xué dào hán dān rén zǒu lù de zī shì  ， hái bǎ zì jǐ yuán lái zǒu lù de zī shì yě wàng jì le  ， zuì hòu zhī hǎo pá zhe huí qù  。 '); 
INSERT INTO `idoms` VALUES ( 14 ,  '匹夫之勇',   1 ,  '匹夫之勇.mp4',  '匹夫之勇.jpg',  '意思是指不用智谋单凭个人的勇力 。 出自《 孟子  ・ 梁惠王下 》  。 ',  'yì sī shì zhǐ bú yòng zhì móu dān píng gè rén de yǒng lì  。 chū zì 《 mèng zǐ  ・ liáng huì wáng xià  》  。 ',  '项羽虽然是一个失败的英雄 ， 但是司马迁却称赞他说  ： “  当年秦国政治腐败 ， 百姓纷纷起来反抗 ， 项羽在陈涉这个地方领军对抗 ， 前后只花了三年时间 ， 就把秦国灭掉 ， 然后将得来的   天下分封给各王侯贵族 ， 成为称雄一方的霸主 ， 虽然最后他失去了霸主的地位 ， 但是他的功绩伟业 ， 近古以来还没有人能做到 。 ” ,  刘邦做了皇帝以后 ， 在洛阳宫摆设筵席宴请群臣的时候说  ： “  我之所以能成功 ， 顺利取得天下 ， 是因为能够知道每个人的特长 ， 并且也懂得如何让他发挥长处 。 ”  然后他问韩信对自己的看法 。 韩信回答说  ： “  大王您很清楚自己各方面的才能与长处 ， 因此您其实心里明白 ， 说到机智与才华 ， 其实是不如项王 。 不过我曾经当过他的部下一段时间 ， 对于他的性情 、 作风 、 才能 ， 了解得比较清楚 。 项王虽然勇猛善战 ， 一人可以压倒几千人 ， 但是却不知道如何用人 ， 因此一些优秀杰出的贤臣良将虽然在他手下 ， 可惜都没能好好发挥各自的专长 。 所以项王虽然很勇猛 ， 却只是匹夫之勇 ， 做事不懂得深谋远虑 、 三思而行 。 而大王任用贤人勇将 ， 把天下分封给有功劳的将士 ， 使人人心悦诚服 ， 所以天下终将成为大人您的 。 ” ',  'xiàng yǔ suī rán shì yī gè shī bài de yīng xióng  ， dàn shì sī mǎ qiān què chēng zàn tā shuō   ： “  dāng nián qín guó zhèng zhì fǔ bài  ， bǎi xìng fēn fēn qǐ lái fǎn kàng  ， xiàng yǔ zài chén shè zhè gè dì fāng lǐng jun  duì kàng  ， qián hòu zhī huā le sān nián shí jiān  ， jiù bǎ qín guó miè diào  ， rán hòu jiāng dé lái de  tiān xià fèn fēng gěi gè wáng hóu guì zú  ， chéng wéi chēng xióng yī fāng de bà zhǔ  ， suī rán zuì hòu tā shī qù le bà zhǔ de dì wèi  ， dàn shì tā de gōng jì wěi yè  ， jìn gǔ yǐ lái hái méi yǒu rén néng zuò dào  。 ”  , liú bāng zuò le huáng dì yǐ hòu  ， zài luò yáng gōng bǎi shè yàn xí yàn qǐng qún chén de shí hòu shuō   ： “  wǒ zhī suǒ yǐ néng chéng gōng  ， shùn lì qǔ dé tiān xià  ， shì yīn wéi néng gòu zhī dào měi gè rén de tè zhǎng  ， bìng qiě yě dǒng dé rú hé ràng tā fā huī zhǎng chù  。 ”  rán hòu tā wèn hán xìn duì zì jǐ de kàn fǎ  。 hán xìn huí dá shuō   ： “  dà wáng nín hěn qīng chǔ zì jǐ gè fāng miàn de cái néng yǔ zhǎng chù  ， yīn cǐ nín qí shí xīn lǐ míng bái  ， shuō dào jī zhì yǔ cái huá  ， qí shí shì bú rú xiàng wáng  。 bú guò wǒ céng jīng dāng guò tā de bù xià yī duàn shí jiān  ， duì yú tā de xìng qíng  、 zuò fēng  、 cái néng  ， le jiě dé bǐ jiào qīng chǔ  。 xiàng wáng suī rán yǒng měng shàn zhàn  ， yī rén kě yǐ yā dǎo jǐ qiān rén  ， dàn shì què bú zhī dào rú hé yòng rén  ， yīn cǐ yī xiē yōu xiù jié chū de xián chén liáng jiāng suī rán zài tā shǒu xià  ， kě xī dōu méi néng hǎo hǎo fā huī gè zì de zhuān zhǎng  。 suǒ yǐ xiàng wáng suī rán hěn yǒng měng  ， què zhī shì pǐ fū zhī yǒng  ， zuò shì bú dǒng dé shēn móu yuǎn lǜ  、 sān sī ér háng  。 ér dà wáng rèn yòng xián rén yǒng jiāng  ， bǎ tiān xià fèn fēng gěi yǒu gōng láo de jiāng shì  ， shǐ rén rén xīn yuè chéng fú  ， suǒ yǐ tiān xià zhōng jiāng chéng wéi dà rén nín de  。 ” '); 
INSERT INTO `idoms` VALUES ( 15 ,  '九牛一毛',   2 ,  '九牛一毛.mp4',  '九牛一毛.jpg',  '比喻渺小 、 轻微 ， 或很大数量中的极少数 。 出自汉  ・ 司马迁《 报任少卿书 》  。 ',  'bǐ yù miǎo xiǎo  、 qīng wēi  ， huò hěn dà shù liàng zhōng de jí shǎo shù  。 chū zì hàn  ・ sī mǎ qiān 《 bào rèn shǎo qīng shū  》  。 ',  '西汉时代有个很有名的大将军名叫李陵 ， 他奉汉武帝的命令 ， 率领军队去攻打匈奴 。 后来 ， 因为兵力不足而战败投降 。 武帝听到这件事以后非常生气 ， 他觉得李陵不但不能立下大功 ， 反而轻易对敌人投降 ， 其它的大臣们也纷纷指责李陵的不忠 。 只有太史令司马迁为李陵打抱不平 ， 他仗义直言说道  ： 李陵将军孤军夺战 ， 每一次出兵攻打敌方都有很好的成绩 。 而这一次 ， 他没有得到李广利 ( 担任正面主攻任务的将军 ) 的协助 ， 五千人的步兵虽然被八万匈奴兵团团围住 ， 但是仍然冒死对抗 ， 而且连续打了十几天的仗 ， 还杀伤敌兵一万多人 ， 直到粮草都用尽了 ， 才不得不假装投降 ， 这样的战绩大概没有几个人能做得到 ， 李陵实在是个了不起的将领啊！ 至少他的功劳能够抵他的罪过吧！ * 　汉武帝听到司马迁不但为李陵辩解 ， 而且还讽刺他的亲戚李广利 ， 顿时火冒三丈 ， 立即下令把司马迁打入死牢 ， 接着又判了司马迁当时最残酷 、 最耻辱的宫刑 。 司马迁遭受到如此大的打击 ， 受到这种侮辱 ， 好几次都想自杀一死了之 ， 可是他想到自已这种情形即使死了 ， 在大家眼中也不过就像是九牛之一毛 ， 不但得不到任何人的一丝同情 ， 还会受到大家的嘲笑 。 于是 ， 他下定决心 、 勇敢的活下去 ， 最后终于完成《 史记 》 这部名流千古的史学钜着 。 ',  'xī hàn shí dài yǒu gè hěn yǒu míng de dà jiāng jun  míng jiào lǐ líng  ， tā fèng hàn wǔ dì de mìng lìng  ， lǜ lǐng jun  duì qù gōng dǎ xiōng nú  。 hòu lái  ， yīn wéi bīng lì bú zú ér zhàn bài tóu jiàng  。 wǔ dì tīng dào zhè jiàn shì yǐ hòu fēi cháng shēng qì  ， tā jiào dé lǐ líng bú dàn bú néng lì xià dà gōng  ， fǎn ér qīng yì duì dí rén tóu jiàng  ， qí tā de dà chén men yě fēn fēn zhǐ zé lǐ líng de bú zhōng  。 zhī yǒu tài shǐ lìng sī mǎ qiān wéi lǐ líng dǎ bào bú píng  ， tā zhàng yì zhí yán shuō dào   ： lǐ líng jiāng jun  gū jun  duó zhàn  ， měi yī cì chū bīng gōng dǎ dí fāng dōu yǒu hěn hǎo de chéng jì  。 ér zhè yī cì  ， tā méi yǒu dé dào lǐ guǎng lì (  dān  rèn zhèng miàn zhǔ gōng rèn wù de jiāng jun  ) de xié zhù  ， wǔ qiān rén de bù bīng suī rán bèi bā wàn xiōng nú bīng tuán tuán wéi zhù  ， dàn shì réng rán mào sǐ duì kàng  ， ér qiě lián xù dǎ le shí jǐ tiān de zhàng  ， hái shā shāng dí bīng yī wàn duō rén  ， zhí dào liáng cǎo dōu yòng jìn le  ， cái bú dé bú jiǎ zhuāng tóu jiàng  ， zhè yàng de zhàn jì dà gài méi yǒu jǐ gè rén néng zuò dé dào  ， lǐ líng shí zài shì gè le bú qǐ de jiāng lǐng ā ！ zhì shǎo tā de gōng láo néng gòu dǐ tā de zuì guò ba  ！  * 　hàn wǔ dì tīng dào sī mǎ qiān bú dàn wéi lǐ líng biàn jiě  ， ér qiě hái fěng cì tā de qīn qī lǐ guǎng lì  ， dùn shí huǒ mào sān zhàng  ， lì jí xià lìng bǎ sī mǎ qiān dǎ rù sǐ láo  ， jiē zhe yòu pàn le sī mǎ qiān dāng shí zuì cán kù  、 zuì chǐ rǔ de gōng xíng  。 sī mǎ qiān zāo shòu dào rú cǐ dà de dǎ jī  ， shòu dào zhè zhǒng wǔ rǔ  ， hǎo jǐ cì dōu xiǎng zì shā yī sǐ le zhī  ， kě shì tā xiǎng dào zì yǐ zhè zhǒng qíng xíng jí shǐ sǐ le  ， zài dà jiā yǎn zhōng yě bú guò jiù xiàng shì jiǔ niú zhī yī máo  ， bú dàn dé bú dào rèn hé rén de yī sī tóng qíng  ， hái huì shòu dào dà jiā de cháo xiào  。 yú shì  ， tā xià dìng jué xīn  、 yǒng gǎn de huó xià qù  ， zuì hòu zhōng yú wán chéng 《 shǐ jì  》 zhè bù míng liú qiān gǔ de shǐ xué jù zhe  。 '); 
INSERT INTO `idoms` VALUES ( 16 ,  '一诺千金',   2 ,  '一诺千金.mp4',  '一诺千金.jpg',  '比喻说话算数 ， 极有信用 。 出自《 史记 ・ 季布栾布列传 》  。 ',  'bǐ yù shuō huà suàn shù  ， jí yǒu xìn yòng  。 chū zì 《 shǐ jì  ・ jì bù luán bù liè chuán  》  。 ',  '楚地有个叫曹丘的先生 ， 擅长辞令 ， 能言善辩 ， 多次借重权势获得钱财 。 他曾经侍奉过赵同等贵人 ， 与窦长君也有交情 。 季布听到了这件事便寄了一封信劝窦长君说  ： “  我听说曹丘先生不是个德高望重的人 ， 您不要和他来往 。 ” * 等到曹丘先生回乡 ， 想要窦长君写封信介绍他去见季布 ， 窦长君说  ： “  季将军不喜欢您 ， 您不要去 。 ”  曹丘坚决要求窦长君写介绍信 ， 终于得到 ， 便起程去了 。 曹丘先派人把窦长君的介绍信送给季布 ， 季布接了信果然大怒 ， 等待着曹丘的到来 。 * 曹丘到了 ， 就对季布作了个揖 ， 说道  ： “  楚人有句谚语说  ：  ‘ 得到黄金百斤 ， 比不上得到你季布的一句诺言 。  ’ 您怎么能在梁 、 楚一带获得这样的声誉呢  ?  再说我是楚地人 ， 您也是楚地人 。 由于我到处宣扬 ， 您的名字天下人都知道 ， 难道我对您的作用还不重要吗  ?  您为什么这样坚决地拒绝我呢！ ”  季布于是非常高兴 ， 请曹丘进来 ， 留他住了几个月 ， 把他作为最尊贵的客人 ， 送他丰厚的礼物 。 季布的名声之所以远近闻名 ， 这都是曹丘替他宣扬的结果啊！ ',  'chǔ dì yǒu gè jiào cáo qiū de xiān shēng  ， shàn zhǎng cí lìng  ， néng yán shàn biàn  ， duō cì jiè zhòng quán shì huò dé qián cái  。 tā céng jīng shì fèng guò zhào tóng děng guì rén  ， yǔ dòu zhǎng jun  yě yǒu jiāo qíng  。 jì bù tīng dào le zhè jiàn shì biàn jì le yī fēng xìn quàn dòu zhǎng jun  shuō   ： “  wǒ tīng shuō cáo qiū xiān shēng bú shì gè dé gāo wàng zhòng de rén  ， nín bú yào hé tā lái wǎng  。 ” * děng dào cáo qiū xiān shēng huí xiāng  ， xiǎng yào dòu zhǎng jun  xiě fēng xìn jiè shào tā qù jiàn jì bù  ， dòu zhǎng jun  shuō   ： “  jì jiāng jun  bú xǐ huān nín  ， nín bú yào qù  。 ”  cáo qiū jiān jué yào qiú dòu zhǎng jun  xiě jiè shào xìn  ， zhōng yú dé dào  ， biàn qǐ chéng qù le  。 cáo qiū xiān pài rén bǎ dòu zhǎng jun  de jiè shào xìn sòng gěi jì bù  ， jì bù jiē le xìn guǒ rán dà nù  ， děng dài zhe cáo qiū de dào lái  。 * cáo qiū dào le  ， jiù duì jì bù zuò le gè yī  ， shuō dào   ： “  chǔ rén yǒu jù yàn yǔ shuō   ：  ‘ dé dào huáng jīn bǎi jīn  ， bǐ bú shàng dé dào nǐ jì bù de yī jù nuò yán  。  ’ nín zěn me néng zài liáng  、 chǔ yī dài huò dé zhè yàng de shēng yù ne   ?  zài shuō wǒ shì chǔ dì rén  ， nín yě shì chǔ dì rén  。 yóu yú wǒ dào chù xuān yáng  ， nín de míng zì tiān xià rén dōu zhī dào  ， nán dào wǒ duì nín de zuò yòng hái bú zhòng yào ma   ?  nín wéi shí me zhè yàng jiān jué dì jù jué wǒ ne ！ ”  jì bù yú shì fēi cháng gāo xìng  ， qǐng cáo qiū jìn lái  ， liú tā zhù le jǐ gè yuè  ， bǎ tā zuò wéi zuì zūn guì de kè rén  ， sòng tā fēng hòu de lǐ wù  。 jì bù de míng shēng zhī suǒ yǐ yuǎn jìn wén míng  ， zhè dōu shì cáo qiū tì tā xuān yáng de jié guǒ ā ！ '); 
INSERT INTO `idoms` VALUES ( 17 ,  '一日千里',   2 ,  '一日千里.mp4',  '一日千里.jpg',  '原形容马跑得很快 。 后比喻进展极快 。 出自《 庄子 ・ 秋水 》  。 ',  'yuán xíng róng mǎ pǎo dé hěn kuài  。 hòu bǐ yù jìn zhǎn jí kuài  。 chū zì 《 zhuāng zǐ  ・ qiū shuǐ  》  。 ',  '战国时期 ， 燕太子丹在赵国邯郸作人质时 ， 与同在邯郸 、 尚未做秦王的赵政相处良好 。 * 后来 ， 赵政回国做了秦王 ， 太子丹在秦国做人质 ， 秦王政不但没有顾念旧情 、 加以特别照顾 ， 反而处处刁难他 ， 太子丹见此状况 ， 便找了个机会 ， 逃回了燕国 。 * 回国后 ， 太子丹一直耿耿于怀 ， 想报复秦王政 。 但由于国家小 ， 力量薄弱 ， 难以实现自己复仇愿望 。  不久 ， 秦国出兵攻打齐 、 楚 、 韩 、 魏 、 赵等国家 ， 渐渐逼近了燕国 。 燕国国君害怕极了 ， 太子丹也忧愁万分  ： 就向他的老师鞠武求教能够阻挡秦国侵略的好办法 ， 鞠武说  ： “  我有一个好朋友 ， 名叫田光 ， 他很机智 ， 有谋略 ， 你可跟他商讨一下 。 ” * 田光请来了 ， 太子丹非常恭敬地招待了他 ， 并说  ： “  希望田光先生能替我们想个办法 ， 抵挡秦国的侵略 。 ” * 田光听了 ， 一言不发 ， 拉着太子丹的手走到门外 ， 指着拴在大树旁的马说  ： “  这是一匹良种马 。 在壮年时 、 — 天可以跑千里及以上 ， 等到它衰老时 ， 劣马都可以跑在它的前面 。 您说这是为什么呢  ?  ” * 太子丹说  ： “  那是因为它体力不行了 。 ” * “  对呀！ 现在您听说的关于我的情况 ， 都还是我壮年的事 ， 您不知道我已年老了 ， 体力也不行了 。 ”  田光停了停又接着说 ， “  当然 ， 虽然有关国家的大事我已无能为力 ， 但我愿向您推荐一个人 ， 我的好朋友荆轲 ， 他能够承担这个重任 。 ” * 后来 ， 太子丹结交了荆轲 ， 派去行刺秦王 ， 但最后行刺以失败告终 。 ',  'zhàn guó shí qī  ， yàn tài zǐ dān zài zhào guó hán dān zuò rén zhì shí  ， yǔ tóng zài hán dān  、 shàng wèi zuò qín wáng de zhào zhèng xiàng chù liáng hǎo  。 * hòu lái  ， zhào zhèng huí guó zuò le qín wáng  ， tài zǐ dān zài qín guó zuò rén zhì  ， qín wáng zhèng bú dàn méi yǒu gù niàn jiù qíng  、 jiā yǐ tè bié zhào gù  ， fǎn ér chù chù diāo nán tā  ， tài zǐ dān jiàn cǐ zhuàng kuàng  ， biàn zhǎo le gè jī huì  ， táo huí le yàn guó  。 * huí guó hòu  ， tài zǐ dān yī zhí gěng gěng yú huái  ， xiǎng bào fù qín wáng zhèng  。 dàn yóu yú guó jiā xiǎo  ， lì liàng báo ruò  ， nán yǐ shí xiàn zì jǐ fù chóu yuàn wàng  。  bú jiǔ  ， qín guó chū bīng gōng dǎ qí  、 chǔ  、 hán  、 wèi  、 zhào děng guó jiā  ， jiàn jiàn bī jìn le yàn guó  。 yàn guó guó jun  hài pà jí le  ， tài zǐ dān yě yōu chóu wàn fèn   ： jiù xiàng tā de lǎo shī jū wǔ qiú jiāo néng gòu zǔ dǎng qín guó qīn luè de hǎo bàn fǎ  ， jū wǔ shuō   ： “  wǒ yǒu yī gè hǎo péng yǒu  ， míng jiào tián guāng  ， tā hěn jī zhì  ， yǒu móu luè  ， nǐ kě gēn tā shāng tǎo yī xià  。 ” * tián guāng qǐng lái le  ， tài zǐ dān fēi cháng gōng jìng dì zhāo dài le tā  ， bìng shuō   ： “  xī wàng tián guāng xiān shēng néng tì wǒ men xiǎng gè bàn fǎ  ， dǐ dǎng qín guó de qīn luè  。 ” * tián guāng tīng le  ， yī yán bú fā  ， lā zhe tài zǐ dān de shǒu zǒu dào mén wài  ， zhǐ zhe shuān zài dà shù páng de mǎ shuō   ： “  zhè shì yī pǐ liáng zhǒng mǎ  。 zài zhuàng nián shí  、 — tiān kě yǐ pǎo qiān lǐ jí yǐ shàng  ， děng dào tā shuāi lǎo shí  ， liè mǎ dōu kě yǐ pǎo zài tā de qián miàn  。 nín shuō zhè shì wéi shí me ne   ?  ” * tài zǐ dān shuō   ： “  nà shì yīn wéi tā tǐ lì bú háng le  。 ” * “  duì ya ！ xiàn zài nín tīng shuō de guān yú wǒ de qíng kuàng  ， dōu hái shì wǒ zhuàng nián de shì  ， nín bú zhī dào wǒ yǐ nián lǎo le  ， tǐ lì yě bú háng le  。 ”  tián guāng tíng le tíng yòu jiē zhe shuō  ， “  dāng rán  ， suī rán yǒu guān guó jiā de dà shì wǒ yǐ wú néng wéi lì  ， dàn wǒ yuàn xiàng nín tuī jiàn yī gè rén  ， wǒ de hǎo péng yǒu jīng kē  ， tā néng gòu chéng dān zhè gè zhòng rèn  。 ” * hòu lái  ， tài zǐ dān jié jiāo le jīng kē  ， pài qù háng cì qín wáng  ， dàn zuì hòu háng cì yǐ shī bài gào zhōng  。 '); 
INSERT INTO `idoms` VALUES ( 18 ,  '千钧一发',   2 ,  '千钧一发.mp4',  '千钧一发.jpg',  '形容情况极其危急 。 出自《 汉书 ・ 枚乘传 》  。 ',  'xíng róng qíng kuàng jí qí wēi jí  。 chū zì 《 hàn shū  ・ méi chéng chuán  》  。 ',  '韩愈 ， 字退之 ， 唐朝邓州南阳人 ， 是当时的大文豪 ， 主张文以载道之说 ， 以复古为革命 ， 用散文代替骈文 ， 影响当时及后代非常大 ， 所以有文起八代之衰之功劳 ， 他很反对佛教 ， 唐宪宗派使者要去迎接佛骨入朝 ， 他上表谏阻 ， 得罪了皇帝 ， 被贬到潮州去当刺史的官 ， 他在潮州结识了一个老和尚 ， 这位和尚聪明达理 ， 和韩愈很谈得来 ， 而韩愈在潮州又很少有朋友 ， 所以和这位和尚往来比较密切 ， 因而外间的人都传说韩愈也相信佛教了 。 * 他的朋友孟简 ( 几道 )  ， 当时做着尚书 ， 是最信奉佛教的 ， 也因为得罪宪宗皇帝被贬谪到吉州去 。 到了吉州后 ， 他也听到人们的传说 ， 说韩愈已经信起佛来 ， 他有点疑惑 ， 因为他知道韩愈是反对信仰最力的人 ， 为此 ， 他特地写了一封信去问韩愈 。  韩愈接到孟几道的信后 ， 知道他与和尚往来 ， 才引起别人发生了误会 ， 马上回信向孟几道加以解释 。 而且 ， 韩愈对当时在朝的一班大臣们 ， 信奉佛教 ， 不守儒道 ， 一味拿迷信来蛊惑皇帝 ， 大大加以抨击 。 他对皇帝疏远贤人 ， 使儒道坠落 ， 颇为愤慨 。 信中有这样的话  ： “  百孔千疮 ， 随乱随失 ， 共危如一发引千钧…” ',  'hán yù  ， zì tuì zhī  ， táng cháo dèng zhōu nán yáng rén  ， shì dāng shí de dà wén háo  ， zhǔ zhāng wén yǐ zǎi dào zhī shuō  ， yǐ fù gǔ wéi gé mìng  ， yòng sàn wén dài tì pián wén  ， yǐng xiǎng dāng shí jí hòu dài fēi cháng dà  ， suǒ yǐ yǒu wén qǐ bā dài zhī shuāi zhī gōng láo  ， tā hěn fǎn duì fó jiāo  ， táng xiàn zōng pài shǐ zhě yào qù yíng jiē fó gǔ rù cháo  ， tā shàng biǎo jiàn zǔ  ， dé zuì le huáng dì  ， bèi biǎn dào cháo zhōu qù dāng cì shǐ de guān  ， tā zài cháo zhōu jié shí le yī gè lǎo hé shàng  ， zhè wèi hé shàng cōng míng dá lǐ  ， hé hán yù hěn tán dé lái  ， ér hán yù zài cháo zhōu yòu hěn shǎo yǒu péng yǒu  ， suǒ yǐ hé zhè wèi hé shàng wǎng lái bǐ jiào mì qiē  ， yīn ér wài jiān de rén dōu chuán shuō hán yù yě xiàng xìn fó jiāo le  。 * tā de péng yǒu mèng jiǎn ( jǐ dào ) ， dāng shí zuò zhe shàng shū  ， shì zuì xìn fèng fó jiāo de  ， yě yīn wéi dé zuì xiàn zōng huáng dì bèi biǎn zhé dào jí zhōu qù  。 dào le jí zhōu hòu  ， tā yě tīng dào rén men de chuán shuō  ， shuō hán yù yǐ jīng xìn qǐ fó lái  ， tā yǒu diǎn yí huò  ， yīn wéi tā zhī dào hán yù shì fǎn duì xìn yǎng zuì lì de rén  ， wéi cǐ  ， tā tè dì xiě le yī fēng xìn qù wèn hán yù  。  hán yù jiē dào mèng jǐ dào de xìn hòu  ， zhī dào tā yǔ hé shàng wǎng lái  ， cái yǐn qǐ bié rén fā shēng le wù huì  ， mǎ shàng huí xìn xiàng mèng jǐ dào jiā yǐ jiě shì  。 ér qiě  ， hán yù duì dāng shí zài cháo de yī bān dà chén men  ， xìn fèng fó jiāo  ， bú shǒu rú dào  ， yī wèi ná mí xìn lái gǔ huò huáng dì  ， dà dà jiā yǐ pēng jī  。 tā duì huáng dì shū yuǎn xián rén  ， shǐ rú dào zhuì luò  ， pō wéi fèn kǎi  。 xìn zhōng yǒu zhè yàng de huà   ： “  bǎi kǒng qiān chuāng  ， suí luàn suí shī  ， gòng wēi rú yī fā yǐn qiān jun ” '); 
INSERT INTO `idoms` VALUES ( 19 ,  '入木三分',   2 ,  '入木三分.mp4',  '入木三分.jpg',  '比喻对文章或事物见解深刻 、 透彻 。 出自《 书断 ・ 王羲之 》  。 ',  'bǐ yù duì wén zhāng huò shì wù jiàn jiě shēn kè  、 tòu chè  。 chū zì 《 shū duàn  ・ wáng xī zhī  》  。 ',  '王羲之的字写得这样好 ， 固然与他的天资有关系 ， 但最重要的还是由于他的刻苦练习 。 他经常在池塘边练习写字 ， 每次写完 ， 就在池塘里洗涤笔砚 ， 时间一久 ， 整个池塘的水都变黑了 。 由此可知 ， 他在练习书法上所下工夫之深了 。 有一次 ， 当时的皇帝要到北郊去祭祀 ， 让王羲之把祝辞写在一块木板上 ， 再派工人雕刻 。 雕刻的工人在雕刻时非常惊奇 ， 王羲之写的字 ， 笔力竟然渗入木头三分多 。 ',  'wáng xī zhī de zì xiě dé zhè yàng hǎo  ， gù rán yǔ tā de tiān zī yǒu guān xì  ， dàn zuì zhòng yào de hái shì yóu yú tā de kè kǔ liàn xí  。 tā jīng cháng zài chí táng biān liàn xí xiě zì  ， měi cì xiě wán  ， jiù zài chí táng lǐ xǐ dí bǐ yàn  ， shí jiān yī jiǔ  ， zhěng gè chí táng de shuǐ dōu biàn hēi le  。 yóu cǐ kě zhī  ， tā zài liàn xí shū fǎ shàng suǒ xià gōng fū zhī shēn le  。 yǒu yī cì  ， dāng shí de huáng dì yào dào běi jiāo qù jì sì  ， ràng wáng xī zhī bǎ zhù cí xiě zài yī kuài mù bǎn shàng  ， zài pài gōng rén diāo kè  。 diāo kè de gōng rén zài diāo kè shí fēi cháng jīng qí  ， wáng xī zhī xiě de zì  ， bǐ lì jìng rán shèn rù mù tóu sān fèn duō  。 '); 
INSERT INTO `idoms` VALUES ( 20 ,  '三人成虎',   2 ,  '三人成虎.mp4',  '三人成虎.jpg',  '比喻说的人多了 ， 就能使人们把谣言当作事实 。 出自《 战国策 ・ 魏策二 》  。 ',  'bǐ yù shuō de rén duō le  ， jiù néng shǐ rén men bǎ yáo yán dāng zuò shì shí  。 chū zì 《 zhàn guó cè  ・ wèi cè èr  》  。 ',  '战国时期 ， 魏国大臣庞葱陪同太子前往赵国做人质 、 临出发前 ， 他对魏王说  ： “  如今有一个人说街市上出现了老虎 ， 大王相信吗  ?  ”  魏王回答  ： “  我不相信 。 ”  庞葱又问道  ： “  如果有两个人说街市上出现了老虎 ， 大王相信吗  ?  ”  魏王说  ： “  我会有些怀疑 。 ” * 庞葱接着说  ： “  如果又出现了第三个人说街市上有老虎 ， 大王相信吗  ?  ”  魏王回答  ： “  我当然会相信 。 ”  庞葱说  ： “  很明显 ， 街市上根本不会出现老虎 ， 可是经过三个人的传播 ， 街市上好像就真的有了老虎 。 而今赵国都城邯郸和魏国都城大梁的距离 ， 要比王宫离街市的距离远很多 ， 对我有非议的人又不止三个 ， 还望大王可以明察秋毫啊 。 ”  魏王说  ： “  这个我心里有数 ， 你就放心去吧！ ” * 果然 ， 庞葱刚陪着太子离开 ， 就有人在魏王面前诬陷他 。 刚开始时 ， 魏王还会为庞葱辩解 ， 诬陷的人多了魏王竟然信以为真 。 等庞葱和太子回国后 ， 魏王再也没有召见过他 。 ',  'zhàn guó shí qī  ， wèi guó dà chén páng cōng péi tóng tài zǐ qián wǎng zhào guó zuò rén zhì  、 lín chū fā qián  ， tā duì wèi wáng shuō   ： “  rú jīn yǒu yī gè rén shuō jiē shì shàng chū xiàn le lǎo hǔ  ， dà wáng xiàng xìn ma   ?  ”  wèi wáng huí dá   ： “  wǒ bú xiàng xìn  。 ”  páng cōng yòu wèn dào   ： “  rú guǒ yǒu liǎng gè rén shuō jiē shì shàng chū xiàn le lǎo hǔ  ， dà wáng xiàng xìn ma   ?  ”  wèi wáng shuō   ： “  wǒ huì yǒu xiē huái yí  。 ” * páng cōng jiē zhe shuō   ： “  rú guǒ yòu chū xiàn le dì sān gè rén shuō jiē shì shàng yǒu lǎo hǔ  ， dà wáng xiàng xìn ma   ?  ”  wèi wáng huí dá   ： “  wǒ dāng rán huì xiàng xìn  。 ”  páng cōng shuō   ： “  hěn míng xiǎn  ， jiē shì shàng gēn běn bú huì chū xiàn lǎo hǔ  ， kě shì jīng guò sān gè rén de chuán bō  ， jiē shì shàng hǎo xiàng jiù zhēn de yǒu le lǎo hǔ  。 ér jīn zhào guó dōu chéng hán dān hé wèi guó dōu chéng dà liáng de jù lí  ， yào bǐ wáng gōng lí jiē shì de jù lí yuǎn hěn duō  ， duì wǒ yǒu fēi yì de rén yòu bú zhǐ sān gè  ， hái wàng dà wáng kě yǐ míng chá qiū háo ā  。 ”  wèi wáng shuō   ： “  zhè gè wǒ xīn lǐ yǒu shù  ， nǐ jiù fàng xīn qù ba ！ ” * guǒ rán  ， páng cōng gāng péi zhe tài zǐ lí kāi  ， jiù yǒu rén zài wèi wáng miàn qián wū xiàn tā  。 gāng kāi shǐ shí  ， wèi wáng hái huì wéi páng cōng biàn jiě  ， wū xiàn de rén duō le wèi wáng jìng rán xìn yǐ wéi zhēn  。 děng páng cōng hé tài zǐ huí guó hòu  ， wèi wáng zài yě méi yǒu zhào jiàn guò tā  。 '); 
INSERT INTO `idoms` VALUES ( 21 ,  '两败俱伤',   2 ,  '两败俱伤.mp4',  '两败俱伤.jpg',  '意为斗争双方都受到损伤 ， 谁也没得到好处 。 出自《 史记 ・ 张仪列传 》  。 ',  'yì wéi dòu zhēng shuāng fāng dōu shòu dào sǔn shāng  ， shuí yě méi dé dào hǎo chù  。 chū zì 《 shǐ jì  ・ zhāng yí liè chuán  》  。 ',  '战国的时候 ， 有一个很聪明 、 讲话幽默的人 ， 名叫淳于髡 ， 他知道齐宣王正准备要去攻打魏国 。 便去晋见齐宣王 ， 说  ： “  大王 ， 您听过韩子卢和东郭逡的故事吗  ?  韩子卢是天底下最棒的猎犬 ， 东郭逡是世界上最有名的狡兔 。 有一天 ， 韩子卢在追赶东郭逡 ， 一只在前面拼命的逃 ， 一只在后面拼命的追 ， 结果呢！ 它们两个都跑到精疲力竭 ， 动弹不得 ， 全倒在山脚下死了 。 这个时候 ， 正好有个农夫经过 ， 便毫不费力地把它们两个一齐带回家煮了吃掉 。 ”  齐宣王一听  ： “  这跟我要去攻打魏国有什么关系呀  ?  ”  淳于髡  ： “  大王 ， 现在齐国发兵去攻打魏国 ， 一定不是能在短期内就可以打赢的 。 到头来 ， 双方都弄成民穷财尽 ， 两败俱伤 ， 不但老百姓吃苦 ， 国家的兵力也会大受损伤 ， 万一秦国和楚国趁机来攻打我们 ， 那不是平白送给他们机会一并吞掉齐国和魏国吗  ?  ” 齐宣王听了淳于髡的话 ， 觉得很有道理 ， 就停止攻打魏国的计划 。 * 后来 ， 大家在形容二个能力差不多的人互相争斗 ， 不但谁也没赢还彼此都受了伤 ， 就说是 “  两败俱伤 ”  。 ',  'zhàn guó de shí hòu  ， yǒu yī gè hěn cōng míng  、 jiǎng huà yōu mò de rén  ， míng jiào chún yú kūn  ， tā zhī dào qí xuān wáng zhèng zhǔn bèi yào qù gōng dǎ wèi guó  。 biàn qù jìn jiàn qí xuān wáng  ， shuō   ： “  dà wáng  ， nín tīng guò hán zǐ lú hé dōng guō qūn de gù shì ma   ?  hán zǐ lú shì tiān dǐ xià zuì bàng de liè quǎn  ， dōng guō qūn shì shì jiè shàng zuì yǒu míng de jiǎo tù  。 yǒu yī tiān  ， hán zǐ lú zài zhuī gǎn dōng guō qūn  ， yī zhī zài qián miàn pīn mìng de táo  ， yī zhī zài hòu miàn pīn mìng de zhuī  ， jié guǒ ne ！ tā men liǎng gè dōu pǎo dào jīng pí lì jié  ， dòng dàn bú dé  ， quán dǎo zài shān jiǎo xià sǐ le  。 zhè gè shí hòu  ， zhèng hǎo yǒu gè nóng fū jīng guò  ， biàn háo bú fèi lì dì bǎ tā men liǎng gè yī qí dài huí jiā zhǔ le chī diào  。 ”  qí xuān wáng yī tīng   ： “  zhè gēn wǒ yào qù gōng dǎ wèi guó yǒu shí me guān xì ya   ?  ”  chún yú kūn   ： “  dà wáng  ， xiàn zài qí guó fā bīng qù gōng dǎ wèi guó  ， yī dìng bú shì néng zài duǎn qī nèi jiù kě yǐ dǎ yíng de  。 dào tóu lái  ， shuāng fāng dōu nòng chéng mín qióng cái jìn  ， liǎng bài jù shāng  ， bú dàn lǎo bǎi xìng chī kǔ  ， guó jiā de bīng lì yě huì dà shòu sǔn shāng  ， wàn yī qín guó hé chǔ guó chèn jī lái gōng dǎ wǒ men  ， nà bú shì píng bái sòng gěi tā men jī huì yī bìng tūn diào qí guó hé wèi guó ma   ?  ” qí xuān wáng tīng le chún yú kūn de huà  ， jiào dé hěn yǒu dào lǐ  ， jiù tíng zhǐ gōng dǎ wèi guó de jì huá  。 * hòu lái  ， dà jiā zài xíng róng èr gè néng lì chà bú duō de rén hù xiàng zhēng dòu  ， bú dàn shuí yě méi yíng hái bǐ cǐ dōu shòu le shāng  ， jiù shuō shì  “  liǎng bài jù shāng ”  。 '); 
INSERT INTO `idoms` VALUES ( 22 ,  '十全十美',   2 ,  '十全十美.mp4',  '十全十美.jpg',  '指十分完美 ， 毫无欠缺 。 出自《 雪月梅传 》 ',  'zhǐ shí fèn wán měi  ， háo wú qiàn quē  。 chū zì 《 xuě yuè méi chuán  》  。 ',  '划拳时口呼指数 ， 从零到十共十一个数 ， 其数皆用典故巧妙呼出 ， 且语带吉祥 、 祝福 。 开头 “  宝不露”  。 唐朝时有 “  开元通宝”  ， 泛指钱财 。 猜拳时一般是紧握拳头不出指 ， 口呼 “  宝不露”  即财不外露的意思 。 ',  'huá quán shí kǒu hū zhǐ shù  ， cóng líng dào shí gòng shí yī gè shù  ， qí shù jiē yòng diǎn gù qiǎo miào hū chū  ， qiě yǔ dài jí xiáng  、 zhù fú  。 kāi tóu  “  bǎo bú lù ”  。 táng cháo shí yǒu  “  kāi yuán tōng bǎo ”  ， fàn zhǐ qián cái  。 cāi quán shí yī bān shì jǐn wò quán tóu bú chū zhǐ  ， kǒu hū  “  bǎo bú lù ”  jí cái bú wài lù de yì sī  。 '); 
INSERT INTO `idoms` VALUES ( 23 ,  '双管齐下',   2 ,  '双管齐下.mp4',  '双管齐下.jpg',  '比喻做一件事两个方面同时进行或两种方法同时使用 。 出自《 图画见闻志 ・ 故事拾遗 》  。 ',  'bǐ yù zuò yī jiàn shì liǎng gè fāng miàn tóng shí jìn háng huò liǎng zhǒng fāng fǎ tóng shí shǐ yòng  。 chū zì 《 tú huà jiàn wén zhì  ・ gù shì shí yí  》  。 ',  '唐代著名画家张璪 ， 画松树的方法非常特别 ， 他手拟两支笔 ，  同时齐下 ， 一支画生枝 ， 一支画枯干 。 凡是看过他作画的人没有一个不佩服他双管齐下的本事 。 当时有人评论 “  张璪作画 ， 真是双管齐下 。 ” ',  'táng dài zhe míng huà jiā zhāng zǎo  ， huà sōng shù de fāng fǎ fēi cháng tè bié  ， tā shǒu nǐ liǎng zhī bǐ  ，  tóng shí qí xià  ， yī zhī huà shēng zhī  ， yī zhī huà kū gàn  。 fán shì kàn guò tā zuò huà de rén méi yǒu yī gè bú pèi fú tā shuāng guǎn qí xià de běn shì  。 dāng shí yǒu rén píng lùn  “  zhāng zǎo zuò huà  ， zhēn shì shuāng guǎn qí xià  。 ” '); 
INSERT INTO `idoms` VALUES ( 24 ,  '五颜六色',   2 ,  '五颜六色.mp4',  '五颜六色.jpg',  '形容色彩复杂或花样繁多 。 引申为各色各样 。 出自清 ・ 李汝珍《 镜花缘 》  。 ',  'xíng róng sè cǎi fù zá huò huā yàng fán duō  。 yǐn shēn wéi gè sè gè yàng  。 chū zì qīng  ・ lǐ rǔ zhēn 《 jìng huā yuán  》  。 ',  NULL,  NULL); 
INSERT INTO `idoms` VALUES ( 25 ,  '七嘴八舌',   2 ,  '七嘴八舌.mp4',  '七嘴八舌.jpg',  '形容人多嘴杂 ， 其说不一； 也形容饶舌 ， 多嘴 。 ',  'xíng róng rén duō zuǐ zá  ， qí shuō bú yī ； yě xíng róng ráo shé  ， duō zuǐ  。 ',  NULL,  NULL); 
INSERT INTO `idoms` VALUES ( 26 ,  '百步穿杨',   2 ,  '百步穿杨.mp4',  '百步穿杨.jpg',  '形容箭法或枪法十分高明 。 出自《 史记 ·  周本纪 》  。 ',  'xíng róng jiàn fǎ huò qiāng fǎ shí fèn gāo míng  。 chū zì 《 shǐ jì  ·  zhōu běn jì  》  。 ',  '楚国有个著名的射箭手 ， 名叫养由基 。 此人年轻时就勇力过人 ，  练成了一手好箭法 。 当时还有一个名叫潘虎的勇士 ， 也擅长射箭 。 一 天 ， 两人在场地上比试射箭 ， 许多人都围着观看 。  靶子设在五十步外 ， 那里撑起一块板 ， 板上有一个红心 。 潘虎拉开强弓 ， 一连三箭都正中红心 ， 博得围观的人一片喝采声 。 * 潘虎也洋洋得意地向养由基拱拱手 ， 表示请他指教 。  养由基环视一下四周 ， 说  ： “  射五十步外的红心 ， 目标大近 、 太大 了 ， 还是射百步外的柳叶吧！ ”  说罢 ， 他指着百步外的一棵杨柳树 ， 叫人在树上选一片叶子 ， 涂 上红色作为靶子 。 接着 ， 他拉开弓 ， “  唆”  的一声射去 ， 结果箭正好贯穿在这片杨柳叶的中心 。  * 在场的人都惊呆了 ， 潘虎自知没有这样高明的本领 ， 但又不相信养由基箭箭都能射穿柳叶 ， 便走到那棵杨柳树下； 选择了三片杨 柳叶 ， 在上面用颜色编上号 ， 请养由基按编号次序再射 。  养由基走前几步 ， 看清了编号 ， 然后退到百步之外 ， 拉开弓 ，  “  嗖”  、 “  嗖”  、 “  嗖”  三箭 ， 分别射中三片编上号的杨柳叶 。 * 这一来 ， 喝采声雷动 ， 潘虎也输的口服心服 。 ',  'chǔ guó yǒu gè zhe míng de shè jiàn shǒu  ， míng jiào yǎng yóu jī  。 cǐ rén nián qīng shí jiù yǒng lì guò rén  ，  liàn chéng le yī shǒu hǎo jiàn fǎ  。 dāng shí hái yǒu yī gè míng jiào pān hǔ de yǒng shì  ， yě shàn zhǎng shè jiàn  。 yī  tiān  ， liǎng rén zài chǎng dì shàng bǐ shì shè jiàn  ， xǔ duō rén dōu wéi zhe guān kàn  。  bǎ zǐ shè zài wǔ shí bù wài  ， nà lǐ chēng qǐ yī kuài bǎn  ， bǎn shàng yǒu yī gè hóng xīn  。 pān hǔ lā kāi qiáng gōng  ， yī lián sān jiàn dōu zhèng zhōng hóng xīn  ， bó dé wéi guān de rén yī piàn hē cǎi shēng  。 * pān hǔ yě yáng yáng dé yì dì xiàng yǎng yóu jī gǒng gǒng shǒu  ， biǎo shì qǐng tā zhǐ jiāo  。  yǎng yóu jī huán shì yī xià sì zhōu  ， shuō   ： “  shè wǔ shí bù wài de hóng xīn  ， mù biāo dà jìn  、 tài dà  le  ， hái shì shè bǎi bù wài de liǔ yè ba ！ ”  shuō bà  ， tā zhǐ zhe bǎi bù wài de yī kē yáng liǔ shù  ， jiào rén zài shù shàng xuǎn yī piàn yè zǐ  ， tú  shàng hóng sè zuò wéi bǎ zǐ  。 jiē zhe  ， tā lā kāi gōng  ， “  suō ”  de yī shēng shè qù  ， jié guǒ jiàn zhèng hǎo guàn chuān zài zhè piàn yáng liǔ yè de zhōng xīn  。  * zài chǎng de rén dōu jīng dāi le  ， pān hǔ zì zhī méi yǒu zhè yàng gāo míng de běn lǐng  ， dàn yòu bú xiàng xìn yǎng yóu jī jiàn jiàn dōu néng shè chuān liǔ yè  ， biàn zǒu dào nà kē yáng liǔ shù xià ； xuǎn zé le sān piàn yáng  liǔ yè  ， zài shàng miàn yòng yán sè biān shàng hào  ， qǐng yǎng yóu jī àn biān hào cì xù zài shè  。  yǎng yóu jī zǒu qián jǐ bù  ， kàn qīng le biān hào  ， rán hòu tuì dào bǎi bù zhī wài  ， lā kāi gōng  ，  “  sōu ”  、 “  sōu ”  、 “  sōu ”  sān jiàn  ， fèn bié shè zhōng sān piàn biān shàng hào de yáng liǔ yè  。 * zhè yī lái  ， hē cǎi shēng léi dòng  ， pān hǔ yě shū de kǒu fú xīn fú  。 '); 
INSERT INTO `idoms` VALUES ( 27 ,  '百发百中',   2 ,  '百发百中.mp4',  '百发百中.jpg',  '形容射箭或打枪准确 ， 每次都命中目标 ， 也比喻做事有充分把握 。 出自《 战国策 ・ 西周策 》  。 ',  'xíng róng shè jiàn huò dǎ qiāng zhǔn què  ， měi cì dōu mìng zhōng mù biāo  ， yě bǐ yù zuò shì yǒu chōng fèn bǎ wò  。 chū zì 《 zhàn guó cè  ・ xī zhōu cè  》  。 ',  '楚国有一个对射箭很精明的人 ， 叫做养由基 。 养由基小就精通射箭 ， 能够在一百步远的距离 ， 命中那些只有三 、 四公分宽度的柳叶 ， 同时 ， 只要旁人指明想射中哪一片柳叶 ， 他都能够很快的把箭射出 ， 而且没有射不中的 。 因此 ， 人人都夸赞他的箭法 ， 有的人说 “  百步穿杨”  ， 也有的人说 “  百发百中”  ， 都是用来形容他射箭的绝技 。 ',  'chǔ guó yǒu yī gè duì shè jiàn hěn jīng míng de rén  ， jiào zuò yǎng yóu jī  。 yǎng yóu jī xiǎo jiù jīng tōng shè jiàn  ， néng gòu zài yī bǎi bù yuǎn de jù lí  ， mìng zhōng nà xiē zhī yǒu sān  、 sì gōng fèn kuān dù de liǔ yè  ， tóng shí  ， zhī yào páng rén zhǐ míng xiǎng shè zhōng nǎ yī piàn liǔ yè  ， tā dōu néng gòu hěn kuài de bǎ jiàn shè chū  ， ér qiě méi yǒu shè bú zhōng de  。 yīn cǐ  ， rén rén dōu kuā zàn tā de jiàn fǎ  ， yǒu de rén shuō  “  bǎi bù chuān yáng ”  ， yě yǒu de rén shuō  “  bǎi fā bǎi zhōng ”  ， dōu shì yòng lái xíng róng tā shè jiàn de jué jì  。 '); 
INSERT INTO `idoms` VALUES ( 28 ,  '一鸣惊人',   2 ,  '一鸣惊人.mp4',  '一鸣惊人.jpg',  '比喻平时没有突出的表现 ， 一下子做出惊人的成绩 。 出自 《 韩非子 ・ 喻老 》  。 ',  'bǐ yù píng shí méi yǒu tū chū de biǎo xiàn  ， yī xià zǐ zuò chū jīng rén de chéng jì  。 chū zì  《 hán fēi zǐ  ・ yù lǎo  》  。 ',  '春秋时 ， 楚庄王即位已经三年 ， 白天打猎 ， 晚上喝酒 ， 对国家大事全不放在心上 。 他知道大臣们对他不满意 ， 就下了一道命令  ： “  谁要是敢劝谏 ， 就判他的死罪！ ”  因此 ， 所有的大臣都不敢上前劝谏 。 * 但是有个名叫伍举的大臣对庄王说  ： “  我有个谜请大王猜猜 。 ”  庄王说  ： “  你说吧 。 ”  伍举说  ： “  楚国有一只大鸟 ， 身披五彩 ， 可是一停三年 ， 不飞也不叫 ， 这是什么鸟  ?  ”  楚庄王说  ： “  这不是普通的鸟 ， 这种鸟不飞则已 ， 一飞将要冲天 ， 不鸣则已 ， 一鸣将要惊人 。 你去吧 ， 我已经明白了 。 ” * 从那天开始 ， 楚庄王振作起来 ， 认真治理国家 ， 楚国也渐渐强大起来 。 最后 ， 这个一鸣惊人的楚庄王成了春秋五霸之一 。 ',  'chūn qiū shí  ， chǔ zhuāng wáng jí wèi yǐ jīng sān nián  ， bái tiān dǎ liè  ， wǎn shàng hē jiǔ  ， duì guó jiā dà shì quán bú fàng zài xīn shàng  。 tā zhī dào dà chén men duì tā bú mǎn yì  ， jiù xià le yī dào mìng lìng   ： “  shuí yào shì gǎn quàn jiàn  ， jiù pàn tā de sǐ zuì ！ ”  yīn cǐ  ， suǒ yǒu de dà chén dōu bú gǎn shàng qián quàn jiàn  。 * dàn shì yǒu gè míng jiào wǔ jǔ de dà chén duì zhuāng wáng shuō   ： “  wǒ yǒu gè mí qǐng dà wáng cāi cāi  。 ”  zhuāng wáng shuō   ： “  nǐ shuō ba  。 ”  wǔ jǔ shuō   ： “  chǔ guó yǒu yī zhī dà niǎo  ， shēn pī wǔ cǎi  ， kě shì yī tíng sān nián  ， bú fēi yě bú jiào  ， zhè shì shí me niǎo   ?  ”  chǔ zhuāng wáng shuō   ： “  zhè bú shì pǔ tōng de niǎo  ， zhè zhǒng niǎo bú fēi zé yǐ  ， yī fēi jiāng yào chōng tiān  ， bú míng zé yǐ  ， yī míng jiāng yào jīng rén  。 nǐ qù ba  ， wǒ yǐ jīng míng bái le  。 ” * cóng nà tiān kāi shǐ  ， chǔ zhuāng wáng zhèn zuò qǐ lái  ， rèn zhēn zhì lǐ guó jiā  ， chǔ guó yě jiàn jiàn qiáng dà qǐ lái  。 zuì hòu  ， zhè gè yī míng jīng rén de chǔ zhuāng wáng chéng le chūn qiū wǔ bà zhī yī  。 '); 
INSERT INTO `idoms` VALUES ( 29 ,  '夸父逐日',   3 ,  '夸父逐日.mp4',  '夸父逐日.jpg',  '比喻人有大志 ， 也比喻不自量力 。 出自《 山海经 ・ 海外北经 》  。 ',  'bǐ yù rén yǒu dà zhì  ， yě bǐ yù bú zì liàng lì  。 chū zì 《 shān hǎi jīng  ・ hǎi wài běi jīng  》  。 ',  '传说远古的时候 ， 神中的巨人 — — “  地之子”  夸父是个很了不起的英雄 ， 可是他有些不自量力 ， 想要去追赴太阳 ， 和太阳赛跑 。 * 有一天 ， 他一直追到太阳入山的地方 。 火红的太阳烤得夸父嗓子像冒了烟似的 ， 他口渴得恨不得马上找到水 。 终于他来到黄河边 ， 见到了滚滚的黄河 。 夸父一口气喝干了黄河水 ， 可他觉得还没解渴 ， 于是又跑到渭河边 ， 又喝干了渭河水 。 夸父刚想继续去追赶太阳 ， 可还觉得口渴难忍 ， 于是他打算到北方的大湖泽去喝水 。 没想到 ， 还没走到北方 ， 夸父就渴死在半路上了 。 快要咽气的时候他放下自己心爱的手杖 ， 用他的血肉浸润它 ， 后来这里居然变成一片茂密的桃树林 。 ',  'chuán shuō yuǎn gǔ de shí hòu  ， shén zhōng de jù rén  — — “  dì zhī zǐ ”  kuā fù shì gè hěn le bú qǐ de yīng xióng  ， kě shì tā yǒu xiē bú zì liàng lì  ， xiǎng yào qù zhuī fù tài yáng  ， hé tài yáng sài pǎo  。 * yǒu yī tiān  ， tā yī zhí zhuī dào tài yáng rù shān de dì fāng  。 huǒ hóng de tài yáng kǎo dé kuā fù sǎng zǐ xiàng mào le yān sì de  ， tā kǒu kě dé hèn bú dé mǎ shàng zhǎo dào shuǐ  。 zhōng yú tā lái dào huáng hé biān  ， jiàn dào le gǔn gǔn de huáng hé  。 kuā fù yī kǒu qì hē gàn le huáng hé shuǐ  ， kě tā jiào dé hái méi jiě kě  ， yú shì yòu pǎo dào wèi hé biān  ， yòu hē gàn le wèi hé shuǐ  。 kuā fù gāng xiǎng jì xù qù zhuī gǎn tài yáng  ， kě hái jiào dé kǒu kě nán rěn  ， yú shì tā dǎ suàn dào běi fāng de dà hú zé qù hē shuǐ  。 méi xiǎng dào  ， hái méi zǒu dào běi fāng  ， kuā fù jiù kě sǐ zài bàn lù shàng le  。 kuài yào yān qì de shí hòu tā fàng xià zì jǐ xīn ài de shǒu zhàng  ， yòng tā de xuè ròu jìn rùn tā  ， hòu lái zhè lǐ jū rán biàn chéng yī piàn mào mì de táo shù lín  。 '); 
INSERT INTO `idoms` VALUES ( 30 ,  '天衣无缝',   3 ,  '天衣无缝.mp4',  '天衣无缝.jpg',  '比喻事物周密完善 ， 找不出破绽或漏洞 。 出自《 灵怪录 ・ 郭翰 》  。 ',  'bǐ yù shì wù zhōu mì wán shàn  ， zhǎo bú chū pò zhàn huò lòu dòng  。 chū zì 《 líng guài lù  ・ guō hàn  》  。 ',  '唐朝有个御史叫郭翰 ， 他年轻时傲视权贵 ， 有清正的名声 。 他的气度秀美 ， 善谈论 。 他早年失去双亲, 自己独处 。 时当盛暑的一天, 他乘着月色在庭院中高卧 。 这时 ， 有一股清风袭来 ， 风中带有香气 ， 香气渐渐变得浓郁 。 郭翰觉得很奇怪 ， 就仰视空中 ， 看见有人冉冉而下 ， 一直降到郭翰面前 ， 原来是一个年轻女子 。 这女子生得明艳绝代 ， 光彩溢目 。 她穿着黑色薄绸衣服 ， 拖着白色的罗纱帔肩 ， 戴着翠翘凤凰的帽子, 足登琼文九章之鞋 。 有两名侍女随行 ， 都美丽超凡 。 郭翰心神感荡, 整理衣巾 ， 下床跪拜参见 ， 说 : “  没料到尊贵的仙人突然降临 ， 愿您赐下德音 。 ” 女子微微一笑 ， 说 : “  我是天上的织女呀 。 ” 郭翰慢慢地看 出织女的衣服连一条衣缝也没有 ， 就问她为什么 ， 织女就对郭翰说 : “  天上的衣服本来就不是用针线缝的 ， 自然就不会有针脚的痕迹呀 。 ” ',  'táng cháo yǒu gè yù shǐ jiào guō hàn  ， tā nián qīng shí ào shì quán guì  ， yǒu qīng zhèng de míng shēng  。 tā de qì dù xiù měi  ， shàn tán lùn  。 tā zǎo nián shī qù shuāng qīn , zì jǐ dú chù  。 shí dāng shèng shǔ de yī tiān , tā chéng zhe yuè sè zài tíng yuàn zhōng gāo wò  。 zhè shí  ， yǒu yī gǔ qīng fēng xí lái  ， fēng zhōng dài yǒu xiāng qì  ， xiāng qì jiàn jiàn biàn dé nóng yù  。 guō hàn jiào dé hěn qí guài  ， jiù yǎng shì kōng zhōng  ， kàn jiàn yǒu rén rǎn rǎn ér xià  ， yī zhí jiàng dào guō hàn miàn qián  ， yuán lái shì yī gè nián qīng nǚ zǐ  。 zhè nǚ zǐ shēng dé míng yàn jué dài  ， guāng cǎi yì mù  。 tā chuān zhe hēi sè báo chóu yī fú  ， tuō zhe bái sè de luó shā pèi jiān  ， dài zhe cuì qiào fèng huáng de mào zǐ , zú dēng qióng wén jiǔ zhāng zhī xié  。 yǒu liǎng míng shì nǚ suí háng  ， dōu měi lì chāo fán  。 guō hàn xīn shén gǎn dàng , zhěng lǐ yī jīn  ， xià chuáng guì bài cān jiàn  ， shuō  : “  méi liào dào zūn guì de xiān rén tū rán jiàng lín  ， yuàn nín cì xià dé yīn  。 ” nǚ zǐ wēi wēi yī xiào  ， shuō  : “  wǒ shì tiān shàng de zhī nǚ ya  。 ” guō hàn màn màn dì kàn  chū zhī nǚ de yī fú lián yī tiáo yī féng yě méi yǒu  ， jiù wèn tā wéi shí me  ， zhī nǚ jiù duì guō hàn shuō  : “  tiān shàng de yī fú běn lái jiù bú shì yòng zhēn xiàn féng de  ， zì rán jiù bú huì yǒu zhēn jiǎo de hén jì ya  。 ”'); 
INSERT INTO `idoms` VALUES ( 31 ,  '开天辟地',   3 ,  '开天辟地.mp4',  '开天辟地.jpg',  '比喻空前的 ， 自古以来没有过的 。 出自《 三五历纪 》  。 ',  'bǐ yù kōng qián de  ， zì gǔ yǐ lái méi yǒu guò de  。 chū zì 《 sān wǔ lì jì  》  。 ',  '神话中传说 ， 世上最早时 ， 天地浑然一体 。 世界像个鸡蛋 ， 天地的开创人盘古就在蛋里 。 * 一万八千年后 ， 盘古从蛋里走出来 。 蛋里淡淡的烟云冉冉上升 ， 变成青天 。 混浊的沉渣逐渐凝聚 ， 变成大地 。 天地近在咫尺 。 盘古弯曲着背把天地撑开 。 盘古顶开立地一万八千年 ， 终于把天撑高 。 天地再也不会合在一起 ， 盘古才安然死去 。 他呼出的气 ， 变成风和云 。 他留下的声音 ， 变成雷霆 。 他的眼睛变成太阳和月亮 。 盘古开创了世界 。 ',  'shén huà zhōng chuán shuō  ， shì shàng zuì zǎo shí  ， tiān dì hún rán yī tǐ  。 shì jiè xiàng gè jī dàn  ， tiān dì de kāi chuàng rén pán gǔ jiù zài dàn lǐ  。 * yī wàn bā qiān nián hòu  ， pán gǔ cóng dàn lǐ zǒu chū lái  。 dàn lǐ dàn dàn de yān yún rǎn rǎn shàng shēng  ， biàn chéng qīng tiān  。 hún zhuó de chén zhā zhú jiàn níng jù  ， biàn chéng dà dì  。 tiān dì jìn zài zhǐ chǐ  。 pán gǔ wān qǔ zhe bèi bǎ tiān dì chēng kāi  。 pán gǔ dǐng kāi lì dì yī wàn bā qiān nián  ， zhōng yú bǎ tiān chēng gāo  。 tiān dì zài yě bú huì hé zài yī qǐ  ， pán gǔ cái ān rán sǐ qù  。 tā hū chū de qì  ， biàn chéng fēng hé yún  。 tā liú xià de shēng yīn  ， biàn chéng léi tíng  。 tā de yǎn jīng biàn chéng tài yáng hé yuè liàng  。 pán gǔ kāi chuàng le shì jiè  。 '); 
INSERT INTO `idoms` VALUES ( 32 ,  '牛郎织女',   3 ,  '牛郎织女.mp4',  '牛郎织女.jpg',  '牛郎织女 ， 为中国古代著名的汉族民间爱情故事 ， 也是我国四大民间传说之一 ， 从牵牛星 、 织女星的星名衍化而来 。 ',  'niú láng zhī nǚ  ， wéi zhōng guó gǔ dài zhe míng de hàn zú mín jiān ài qíng gù shì  ， yě shì wǒ guó sì dà mín jiān chuán shuō zhī yī  ， cóng qiān niú xīng  、 zhī nǚ xīng de xīng míng yǎn huà ér lái  。 ',  '传说古代天帝的孙女织女擅长织布 ， 每天给天空织彩霞 。 她讨厌这枯燥的生活 ， 就偷偷下到凡间 ， 私自嫁给河西的牛郎 ， 过上男耕女织的生活 。 此事惹怒了天帝 ， 把织女捉回天宫 ， 责令他们分离 ， 只允许他们每年的农历七月七日在鹊桥上相会一次 。 他们坚贞的爱情感动了喜鹊 ， 无数喜鹊飞来 ， 用身体搭成一道跨越天河的喜鹊桥 ， 让牛郎织女在天河上相会 。 ',  'chuán shuō gǔ dài tiān dì de sūn nǚ zhī nǚ shàn zhǎng zhī bù  ， měi tiān gěi tiān kōng zhī cǎi xiá  。 tā tǎo yàn zhè kū zào de shēng huó  ， jiù tōu tōu xià dào fán jiān  ， sī zì jià gěi hé xī de niú láng  ， guò shàng nán gēng nǚ zhī de shēng huó  。 cǐ shì rě nù le tiān dì  ， bǎ zhī nǚ zhuō huí tiān gōng  ， zé lìng tā men fèn lí  ， zhī yǔn xǔ tā men měi nián de nóng lì qī yuè qī rì zài què qiáo shàng xiàng huì yī cì  。 tā men jiān zhēn de ài qíng gǎn dòng le xǐ què  ， wú shù xǐ què fēi lái  ， yòng shēn tǐ dā chéng yī dào kuà yuè tiān hé de xǐ què qiáo  ， ràng niú láng zhī nǚ zài tiān hé shàng xiàng huì  。 '); 
INSERT INTO `idoms` VALUES ( 33 ,  '女娲补天',   3 ,  '女娲补天.mp4',  '女娲补天.jpg',  '女娲补天 ， 是中国上古神话传说之一 。 在上古奇书《 淮南子 ・ 览冥训 》  、 《 列子 ・ 汤问 》 上均有记载 。 ',  'nǚ wā bǔ tiān  ， shì zhōng guó shàng gǔ shén huà chuán shuō zhī yī  。 zài shàng gǔ qí shū 《 huái nán zǐ  ・ lǎn míng xùn  》  、 《 liè zǐ  ・ tāng wèn  》 shàng jun  yǒu jì zǎi  。 ',  '相传远古时代 ， 天塌地陷 ， 世界陷入巨大灾难 。 女娲不忍生灵受灾 ， 于是炼五色石补好天空 ， 折神鳖之足撑四极 ， 平洪水杀猛兽 ， 通阴阳除逆气 ， 万灵始得以安居 。 * 女娲是中华民族的母亲 ， 华夏民族人文先始 ， 福佑社稷之正神 。 她抟土造人 ， 并化生万物 ， 使天地不再沉寂 ， 是古老相传的大母神 。 ',  ' xiàng chuán yuǎn gǔ shí dài  ， tiān tā dì xiàn  ， shì jiè xiàn rù jù dà zāi nán  。 nǚ wā bú rěn shēng líng shòu zāi  ， yú shì liàn wǔ sè shí bǔ hǎo tiān kōng  ， shé shén biē zhī zú chēng sì jí  ， píng hóng shuǐ shā měng shòu  ， tōng yīn yáng chú nì qì  ， wàn líng shǐ dé yǐ ān jū  。 * nǚ wā shì zhōng huá mín zú de mǔ qīn  ， huá xià mín zú rén wén xiān shǐ  ， fú yòu shè jì zhī zhèng shén  。 tā tuán tǔ zào rén  ， bìng huà shēng wàn wù  ， shǐ tiān dì bú zài chén jì  ， shì gǔ lǎo xiàng chuán de dà mǔ shén  。 '); 
INSERT INTO `idoms` VALUES ( 34 ,  '八仙过海',   3 ,  '八仙过海.mp4',  '八仙过海.jpg',  '八仙过海 ， 是在中国民间流传最广的神话传说之一 。 八仙分别为汉钟离 、 张果老 、 韩湘子 、 铁拐李 、 吕洞宾 、 何仙姑 、 蓝采和及曹国舅 。 比喻那些依靠自己的特别能力而创造奇迹的事 。 ',  'bā xiān guò hǎi  ， shì zài zhōng guó mín jiān liú chuán zuì guǎng de shén huà chuán shuō zhī yī  。 bā xiān fèn bié wéi hàn zhōng lí  、 zhāng guǒ lǎo  、 hán xiāng zǐ  、 tiě guǎi lǐ  、 lǚ dòng bīn  、 hé xiān gū  、 lán cǎi hé jí cáo guó jiù  。 bǐ yù nà xiē yī kào zì jǐ de tè bié néng lì ér chuàng zào qí jì de shì  。 ',  '八仙最脍炙人口的故事之一 ， 最早见于杂剧《 争玉板八仙过海 》 中 。 相传白云仙长有回于蓬莱仙岛牡丹盛开时 ， 邀请八仙及五圣共襄盛举 ， 回程时铁拐李建议不搭船而各自想办法 ， 就是后来 “  八仙过海 、 各显神通”  或 “  八仙过海 、 各凭本事”  的起源 。 ',  'bā xiān zuì kuài zhì rén kǒu de gù shì zhī yī  ， zuì zǎo jiàn yú zá jù 《 zhēng yù bǎn bā xiān guò hǎi  》 zhōng  。 xiàng chuán bái yún xiān zhǎng yǒu huí yú péng lái xiān dǎo mǔ dān shèng kāi shí  ， yāo qǐng bā xiān jí wǔ shèng gòng xiāng shèng jǔ  ， huí chéng shí tiě guǎi lǐ jiàn yì bú dā chuán ér gè zì xiǎng bàn fǎ  ， jiù shì hòu lái  “  bā xiān guò hǎi  、 gè xiǎn shén tōng ”  huò  “  bā xiān guò hǎi  、 gè píng běn shì ”  de qǐ yuán  。 '); 
INSERT INTO `idoms` VALUES ( 35 ,  '精卫填海',   3 ,  '精卫填海.mp4',  '精卫填海.jpg',  '精卫填海 ， 是中国上古神话传说之一 。 ',  'jīng wèi tián hǎi  ， shì zhōng guó shàng gǔ shén huà chuán shuō zhī yī  。 ',  '相传精卫本是炎帝神农氏的小女儿 ， 名唤女娃 ， 一日女娃到东海游玩 ， 溺于水中 。 死后其不平的精灵化作花脑袋 、 白嘴壳 、 红色爪子的一种神鸟 ， 每天从山上衔来石头和草木 ， 投入东海 ， 然后发出 “  精卫 、 精卫”  的悲鸣 ， 好像在呼唤着自己 。 ',  'xiàng chuán jīng wèi běn shì yán dì shén nóng shì de xiǎo nǚ ér  ， míng huàn nǚ wá  ， yī rì nǚ wá dào dōng hǎi yóu wán  ， nì yú shuǐ zhōng  。 sǐ hòu qí bú píng de jīng líng huà zuò huā nǎo dài  、 bái zuǐ ké  、 hóng sè zhǎo zǐ de yī zhǒng shén niǎo  ， měi tiān cóng shān shàng xián lái shí tóu hé cǎo mù  ， tóu rù dōng hǎi  ， rán hòu fā chū  “  jīng wèi  、 jīng wèi ”  de bēi míng  ， hǎo xiàng zài hū huàn zhe zì jǐ  。 '); 
INSERT INTO `idoms` VALUES ( 36 ,  '嫦娥奔月',   3 ,  '嫦娥奔月.mp4',  '嫦娥奔月.jpg',  '嫦娥奔月  ： 中国上古时代神话传说故事 ， 讲述了嫦娥被逄蒙所逼 ， 无奈之下 ， 吃下了西王母赐给丈夫后羿的一粒不死之药后 ， 飞到了月宫的事情 。 ',  'cháng é bēn yuè   ： zhōng guó shàng gǔ shí dài shén huà chuán shuō gù shì  ， jiǎng shù le cháng é bèi páng méng suǒ bī  ， wú nài zhī xià  ， chī xià le xī wáng mǔ cì gěi zhàng fū hòu yì de yī lì bú sǐ zhī yào hòu  ， fēi dào le yuè gōng de shì qíng  。 ',  '嫦娥 ， 是中国神话中的月宫仙子 。 《 山海经 》 中古天帝 — —  后羿的妻子 、 帝俊之妻 ， 其美貌非凡 ， 本称恒娥 ( 姮娥 ) ， 因西汉时为避汉文帝刘恒的讳而改嫦娥 ， 又作常娥 。 也有称其姓纯狐 ， 名嫄娥 。 神话中因服用帝俊自西王母处所求得的不死药而奔月成仙 ， 居住在月亮上面的广寒宫之中 。 ',  'cháng é  ， shì zhōng guó shén huà zhōng de yuè gōng xiān zǐ  。 《 shān hǎi jīng  》 zhōng gǔ tiān dì  — —  hòu yì de qī zǐ  、 dì jun   zhī qī  ， qí měi mào fēi fán  ， běn chēng héng é ( héng é ) ， yīn xī hàn shí wéi bì hàn wén dì liú héng de huì ér gǎi cháng é  ， yòu zuò cháng é  。 yě yǒu chēng qí xìng chún hú  ， míng yuán é  。 shén huà zhōng yīn fú yòng dì jun  zì xī wáng mǔ chù suǒ qiú dé de bú sǐ yào ér bēn yuè chéng xiān  ， jū zhù zài yuè liàng shàng miàn de guǎng hán gōng zhī zhōng  。 '); 
INSERT INTO `idoms` VALUES ( 37 ,  '叶公好龙',   3 ,  '叶公好龙.mp4',  '叶公好龙.jpg',  '比喻口头上说爱好某事物 ， 实际上并不真爱好 。 出自刘向的《 新序 ・ 杂事五 》  。 ',  'bǐ yù kǒu tóu shàng shuō ài hǎo mǒu shì wù  ， shí jì shàng bìng bú zhēn ài hǎo  。 chū zì liú xiàng de 《 xīn xù  ・ zá shì wǔ  》  。 ',  '叶公喜欢龙 ， 衣带 、 酒器上都刻着龙 ， 居室里雕镂装饰的也是龙 。 他这样爱龙 ， 被天上的真龙知道后 ， 便从天上下降到叶公家里 ， 龙头搭在窗台上探望 ， 龙尾伸到了厅堂里 。 叶公一看是真龙 ， 转身就跑 ， 吓得他像失了魂似的 ， 惊恐万状 ， 不能控制自己 。 由此看来 ， 叶公并不是真的喜欢龙 ， 他喜欢的只不过是那些像龙而不是龙的东西罢了 。 ',  'yè gōng xǐ huān lóng  ， yī dài  、 jiǔ qì shàng dōu kè zhe lóng  ， jū shì lǐ diāo lòu zhuāng shì de yě shì lóng  。 tā zhè yàng ài lóng  ， bèi tiān shàng de zhēn lóng zhī dào hòu  ， biàn cóng tiān shàng xià jiàng dào yè gōng jiā lǐ  ， lóng tóu dā zài chuāng tái shàng tàn wàng  ， lóng wěi shēn dào le tīng táng lǐ  。 yè gōng yī kàn shì zhēn lóng  ， zhuǎn shēn jiù pǎo  ， xià dé tā xiàng shī le hún sì de  ， jīng kǒng wàn zhuàng  ， bú néng kòng zhì zì jǐ  。 yóu cǐ kàn lái  ， yè gōng bìng bú shì zhēn de xǐ huān lóng  ， tā xǐ huān de zhī bú guò shì nà xiē xiàng lóng ér bú shì lóng de dōng xī bà le  。 '); 
INSERT INTO `idoms` VALUES ( 38 ,  '愚公移山',   3 ,  '愚公移山.mp4',  '愚公移山.jpg',  '表现了中国古代劳动人民的信心和毅力 ， 说明了要克服困难就必须坚持不懈的道理 。 出自《 列子 ・ 汤问 》  。 ',  'biǎo xiàn le zhōng guó gǔ dài láo dòng rén mín de xìn xīn hé yì lì  ， shuō míng le yào kè fú kùn nán jiù bì xū jiān chí bú xiè de dào lǐ  。 chū zì 《 liè zǐ  ・ tāng wèn  》  。 ',  '有个年近 9  0 的老人叫愚公 ， 在山的正对面居住 ， 他苦于山区的阻塞 ， 就和家人商量 : “  咱们尽力挖平险峻的大山 ， 使道路方便出行 ， 好吗  ? ” 大家纷纷表示赞同 。 于是 ， 愚公率领儿孙开始挖山 。 河湾上的智叟讥笑愚公说 : “  就凭你的年纪 ， 又能把险峻的大山怎么样呢  ? ”  愚公长叹 : “  即使我死了 ， 还有儿子在 ， 儿子又生孙子 ， 孙子又生儿子 ， 子子孙孙无穷无尽 ， 可是山却不会增高加大 ， 还怕挖不平吗  ? ” 天帝被愚公的诚心感动 ， 命令神将背走了那两座山 。 ',  'yǒu gè nián jìn  9  0 de lǎo rén jiào yú gōng  ， zài shān de zhèng duì miàn jū zhù  ， tā kǔ yú shān qū de zǔ sāi  ， jiù hé jiā rén shāng liàng  : “  zán men jìn lì wā píng xiǎn jun  de dà shān  ， shǐ dào lù fāng biàn chū háng  ， hǎo ma   ? ” dà jiā fēn fēn biǎo shì zàn tóng  。 yú shì  ， yú gōng lǜ lǐng ér sūn kāi shǐ wā shān  。 hé wān shàng de zhì sǒu jī xiào yú gōng shuō  : “  jiù píng nǐ de nián jì  ， yòu néng bǎ xiǎn jun  de dà shān zěn me yàng ne   ? ”  yú gōng zhǎng tàn  : “  jí shǐ wǒ sǐ le  ， hái yǒu ér zǐ zài  ， ér zǐ yòu shēng sūn zǐ  ， sūn zǐ yòu shēng ér zǐ  ， zǐ zǐ sūn sūn wú qióng wú jìn  ， kě shì shān què bú huì zēng gāo jiā dà  ， hái pà wā bú píng ma   ? ” tiān dì bèi yú gōng de chéng xīn gǎn dòng  ， mìng lìng shén jiāng bèi zǒu le nà liǎng zuò shān  。 '); 
INSERT INTO `idoms` VALUES ( 39 ,  '刻舟求剑',   4 ,  '刻舟求剑.mp4',  '刻舟求剑.jpg',  '比喻死守教条 ， 拘泥成法 ， 固执不变通的人 。 出自《 吕氏春秋 ・ 察今 》  。 ',  'bǐ yù sǐ shǒu jiāo tiáo  ， jū ní chéng fǎ  ， gù zhí bú biàn tōng de rén  。 chū zì 《 lǚ shì chūn qiū  ・ chá jīn  》  。 ',  '战国时 ， 楚国有个人坐船渡江 。 船到江心 ， 楚人一不小心 ， 随身携带的一把宝剑滑落江中 ， 他赶紧伸手去抓 ， 可惜为时已晚 ， 宝剑已经落入江中 。 船上的人对此感到非常惋惜 。 * 但那楚人似乎胸有成竹 ， 马上掏出一把小刀 ， 在船舷上刻上个记号 ， 并且对大家说  ： “  这是宝剑落水的地方 ， 所以我要刻上一个记号 。 ” * 大家都不理解他为何要这样做 ， 也不再去问他 。 船靠岸后 ， 那楚人立即在船上刻有记号的地方下水 ， 去捞取掉落的宝剑 。 楚人捞了半天 ， 始终不见宝剑的影子 。 他觉得很奇怪 ， 自言自语地说 “  我的宝剑不就是从这里掉下去的吗  ?  我还在这里刻上了记号 ， 现在怎么会找不到呢  ?  ” 听他这么一说 ， 那些人纷纷大笑起来 ， 说道  ： “  船一直在行进 ， 而你的宝剑却沉入了水底 ， 不会随船移动 ， 你又怎能找得到你的剑呢  ?  ” ',  'zhàn guó shí  ， chǔ guó yǒu gè rén zuò chuán dù jiāng  。 chuán dào jiāng xīn  ， chǔ rén yī bú xiǎo xīn  ， suí shēn xié dài de yī bǎ bǎo jiàn huá luò jiāng zhōng  ， tā gǎn jǐn shēn shǒu qù zhuā  ， kě xī wéi shí yǐ wǎn  ， bǎo jiàn yǐ jīng luò rù jiāng zhōng  。 chuán shàng de rén duì cǐ gǎn dào fēi cháng wǎn xī  。 * dàn nà chǔ rén sì hū xiōng yǒu chéng zhú  ， mǎ shàng tāo chū yī bǎ xiǎo dāo  ， zài chuán xián shàng kè shàng gè jì hào  ， bìng qiě duì dà jiā shuō   ： “  zhè shì bǎo jiàn luò shuǐ de dì fāng  ， suǒ yǐ wǒ yào kè shàng yī gè jì hào  。 ” * dà jiā dōu bú lǐ jiě tā wéi hé yào zhè yàng zuò  ， yě bú zài qù wèn tā  。 chuán kào àn hòu  ， nà chǔ rén lì jí zài chuán shàng kè yǒu jì hào de dì fāng xià shuǐ  ， qù lāo qǔ diào luò de bǎo jiàn  。 chǔ rén lāo le bàn tiān  ， shǐ zhōng bú jiàn bǎo jiàn de yǐng zǐ  。 tā jiào dé hěn qí guài  ， zì yán zì yǔ dì shuō  “  wǒ de bǎo jiàn bú jiù shì cóng zhè lǐ diào xià qù de ma   ?  wǒ hái zài zhè lǐ kè shàng le jì hào  ， xiàn zài zěn me huì zhǎo bú dào ne   ?  ” tīng tā zhè me yī shuō  ， nà xiē rén fēn fēn dà xiào qǐ lái  ， shuō dào   ： “  chuán yī zhí zài háng jìn  ， ér nǐ de bǎo jiàn què chén rù le shuǐ dǐ  ， bú huì suí chuán yí dòng  ， nǐ yòu zěn néng zhǎo dé dào nǐ de jiàn ne   ?  ” '); 
INSERT INTO `idoms` VALUES ( 40 ,  '亡羊补牢',   4 ,  '亡羊补牢.mp4',  '亡羊补牢.jpg',  '比喻出了问题以后想办法补救 ， 免得以后继续受损失 。 出自《 战国策 ・ 楚策 》  。 ',  'bǐ yù chū le wèn tí yǐ hòu xiǎng bàn fǎ bǔ jiù  ， miǎn dé yǐ hòu jì xù shòu sǔn shī  。 chū zì 《 zhàn guó cè  ・ chǔ cè  》  。 ',  '战国时楚襄王荒淫无度 ， 执迷不悟 ， 将劝谏的大臣庄辛赶出楚国 。 秦国趁机征伐 ， 很快占领楚都郢 。 楚襄王后悔不已 ， 派人到赵国请回庄辛 ， 庄辛说  ： “  见兔而顾犬 ， 未为晚也； 亡羊则补牢 ， 未为迟也 。 ”  鼓励楚襄王励精图治 、 重整旗鼓 。 ',  'zhàn guó shí chǔ xiāng wáng huāng yín wú dù  ， zhí mí bú wù  ， jiāng quàn jiàn de dà chén zhuāng xīn gǎn chū chǔ guó  。 qín guó chèn jī zhēng fá  ， hěn kuài zhàn lǐng chǔ dōu yǐng  。 chǔ xiāng wáng hòu huǐ bú yǐ  ， pài rén dào zhào guó qǐng huí zhuāng xīn  ， zhuāng xīn shuō   ： “  jiàn tù ér gù quǎn  ， wèi wéi wǎn yě ； wáng yáng zé bǔ láo  ， wèi wéi chí yě  。 ”  gǔ lì chǔ xiāng wáng lì jīng tú zhì  、 zhòng zhěng qí gǔ  。 '); 
INSERT INTO `idoms` VALUES ( 41 ,  '狐假虎威',   4 ,  '狐假虎威.mp4',  '狐假虎威.jpg',  '比喻仰仗或倚仗别人的权势来欺压 、 恐吓人 。 出自《 战国策 ・ 楚策一 》  。 ',  'bǐ yù yǎng zhàng huò yǐ zhàng bié rén de quán shì lái qī yā  、 kǒng xià rén  。 chū zì 《 zhàn guó cè  ・ chǔ cè yī  》  。 ',  '老虎寻找各种野兽吃掉他们 ， 抓到一只狐狸 。 狐狸说  ： “  您不敢吃我 。 上帝派遣我来做各种野兽的首领 ， 现在你吃掉我 ， 是违背上帝的命令 。 你认为我的话不诚实 ， 我在你前面行走 ， 你跟随在我后面 ， 观看各种野兽看见我有敢不逃跑的吗  ?  ”  老虎认为狐狸的话是有道理的 ， 所以就和它一起走 。 野兽看见它们都逃跑了 。 老虎不知道野兽是害怕自己而逃跑的 ， 认为它们是害怕狐狸 。 ',  'lǎo hǔ xún zhǎo gè zhǒng yě shòu chī diào tā men  ， zhuā dào yī zhī hú lí  。 hú lí shuō   ： “  nín bú gǎn chī wǒ  。 shàng dì pài qiǎn wǒ lái zuò gè zhǒng yě shòu de shǒu lǐng  ， xiàn zài nǐ chī diào wǒ  ， shì wéi bèi shàng dì de mìng lìng  。 nǐ rèn wéi wǒ de huà bú chéng shí  ， wǒ zài nǐ qián miàn háng zǒu  ， nǐ gēn suí zài wǒ hòu miàn  ， guān kàn gè zhǒng yě shòu kàn jiàn wǒ yǒu gǎn bú táo pǎo de ma   ?  ”  lǎo hǔ rèn wéi hú lí de huà shì yǒu dào lǐ de  ， suǒ yǐ jiù hé tā yī qǐ zǒu  。 yě shòu kàn jiàn tā men dōu táo pǎo le  。 lǎo hǔ bú zhī dào yě shòu shì hài pà zì jǐ ér táo pǎo de  ， rèn wéi tā men shì hài pà hú lí  。 '); 
INSERT INTO `idoms` VALUES ( 42 ,  '买椟还珠',   4 ,  '买椟还珠.mp4',  '买椟还珠.jpg',  '比喻取舍不当 ， 次要的东西比主要的还要好 。 出自《 韩非子 ・ 外储说左上 》  。 ',  'bǐ yù qǔ shě bú dāng  ， cì yào de dōng xī bǐ zhǔ yào de hái yào hǎo  。 chū zì 《 hán fēi zǐ  ・ wài chǔ shuō zuǒ shàng  》  。 ',  '楚国有个商人 ， 在郑国卖珠宝 。 他用名贵的木兰雕了一只装珠的匣子 ， 将盒子熏了用桂椒调制的香料 ， 又装饰上美玉 、 翡翠 。 有个郑国人把匣子买了去 ， 却把匣子里面的珠子还给了他 ， 这可以说 ， 这个珠宝商人很善于卖盒子 ， 而不善于卖珠宝吧！ ',  'chǔ guó yǒu gè shāng rén  ， zài zhèng guó mài zhū bǎo  。 tā yòng míng guì de mù lán diāo le yī zhī zhuāng zhū de xiá zǐ  ， jiāng hé zǐ xūn le yòng guì jiāo diào zhì de xiāng liào  ， yòu zhuāng shì shàng měi yù  、 fěi cuì  。 yǒu gè zhèng guó rén bǎ xiá zǐ mǎi le qù  ， què bǎ xiá zǐ lǐ miàn de zhū zǐ hái gěi le tā  ， zhè kě yǐ shuō  ， zhè gè zhū bǎo shāng rén hěn shàn yú mài hé zǐ  ， ér bú shàn yú mài zhū bǎo ba ！ '); 
INSERT INTO `idoms` VALUES ( 43 ,  '井底之蛙',   4 ,  '井底之蛙.mp4',  '井底之蛙.jpg',  '比喻那些见识短浅的人 。 出自《 庄子 ・ 秋水 》  。 ',  'bǐ yù nà xiē jiàn shí duǎn qiǎn de rén  。 chū zì 《 zhuāng zǐ  ・ qiū shuǐ  》  。 ',  '一口废井里住着一只青蛙 。 有一天 ， 青蛙在井边碰上了一只从海里来的大龟 。  青蛙就对海龟夸口说  ：  “  你看 ， 我住在这里多快乐 。 有时高兴了 ， 就在井栏边跳跃一阵； 疲倦了 ， 就回到井里 ， 睡在砖洞边一会 。 或者只露出头和嘴巴 ， 安安静静地把全身泡在水里  ： 或者在软绵绵的泥浆里散一回步 ， 也很舒适 。 看看那些虾和蝌蚪 ， 谁也比不上我 。 而且 ， 我是这个井里的主人 ， 在这井里极自由自在 ， 你为什么不常到井里来游赏呢 。 ”  那海龟听了青蛙的话 ， 倒真想进去看看 。 但它的左脚还没有整个伸进去 ， 右脚就已经绊住了 。 它连忙后退了两步 ， 把大海的情形告诉青蛙说  ：  “  你看过海吗 ， 海的广大 ， 哪止千里； 海的深度 ， 哪止千来丈 。 古时候 ， 十年有九年大水 ， 海里的水 ， 并不涨了多少； 后来 ， 八年里有七年大旱 ， 海里的水 ， 也不见得浅了多少 。 可见大海是不受旱涝影响的 。 住在那样的大海里 ， 才是真的快乐呢 。 ”  井里的青蛙听了海龟的一番话 ， 吃惊地呆在那里 ， 再没有话可说了 。 ',  'yī kǒu fèi jǐng lǐ zhù zhe yī zhī qīng wā  。 yǒu yī tiān  ， qīng wā zài jǐng biān pèng shàng le yī zhī cóng hǎi lǐ lái de dà guī  。  qīng wā jiù duì hǎi guī kuā kǒu shuō   ：  “  nǐ kàn  ， wǒ zhù zài zhè lǐ duō kuài lè  。 yǒu shí gāo xìng le  ， jiù zài jǐng lán biān tiào yuè yī zhèn ； pí juàn le  ， jiù huí dào jǐng lǐ  ， shuì zài zhuān dòng biān yī huì  。 huò zhě zhī lù chū tóu hé zuǐ bā  ， ān ān jìng jìng dì bǎ quán shēn pào zài shuǐ lǐ   ： huò zhě zài ruǎn mián mián de ní jiāng lǐ sàn yī huí bù  ， yě hěn shū shì  。 kàn kàn nà xiē xiā hé kē dǒu  ， shuí yě bǐ bú shàng wǒ  。 ér qiě  ， wǒ shì zhè gè jǐng lǐ de zhǔ rén  ， zài zhè jǐng lǐ jí zì yóu zì zài  ， nǐ wéi shí me bú cháng dào jǐng lǐ lái yóu shǎng ne  。 ”  nà hǎi guī tīng le qīng wā de huà  ， dǎo zhēn xiǎng jìn qù kàn kàn  。 dàn tā de zuǒ jiǎo hái méi yǒu zhěng gè shēn jìn qù  ， yòu jiǎo jiù yǐ jīng bàn zhù le  。 tā lián máng hòu tuì le liǎng bù  ， bǎ dà hǎi de qíng xíng gào sù qīng wā shuō   ：  “  nǐ kàn guò hǎi ma  ， hǎi de guǎng dà  ， nǎ zhǐ qiān lǐ ； hǎi de shēn dù  ， nǎ zhǐ qiān lái zhàng  。 gǔ shí hòu  ， shí nián yǒu jiǔ nián dà shuǐ  ， hǎi lǐ de shuǐ  ， bìng bú zhǎng le duō shǎo ； hòu lái  ， bā nián lǐ yǒu qī nián dà hàn  ， hǎi lǐ de shuǐ  ， yě bú jiàn dé qiǎn le duō shǎo  。 kě jiàn dà hǎi shì bú shòu hàn lào yǐng xiǎng de  。 zhù zài nà yàng de dà hǎi lǐ  ， cái shì zhēn de kuài lè ne  。 ”  jǐng lǐ de qīng wā tīng le hǎi guī de yī fān huà  ， chī jīng dì dāi zài nà lǐ  ， zài méi yǒu huà kě shuō le  。 '); 
INSERT INTO `idoms` VALUES ( 44 ,  '掩耳盗铃',   4 ,  '掩耳盗铃.mp4',  '掩耳盗铃.jpg',  '比喻自己欺骗自己 ， 明明掩盖不住的事情偏要想法子掩盖 。 出自于《 吕氏春秋 ・ 自知 》  。 ',  'bǐ yù zì jǐ qī piàn zì jǐ  ， míng míng yǎn gài bú zhù de shì qíng piān yào xiǎng fǎ zǐ yǎn gài  。 chū zì yú 《 lǚ shì chūn qiū  ・ zì zhī  》  。 ',  '春秋时候 ， 晋国世家赵氏灭掉了范氏 。 有人趁机跑到范氏家里想偷点东西 ， 看见院子里吊着一口大钟 。 钟是用上等青铜铸成的 ， 造型和图案都很精美 。 小偷心里高兴极了 ， 想把这口精美的大钟背回自己家去 。 可是钟又大又重 ， 怎么也挪不动 。 他想来想去 ， 只有一个办法 ， 那就是把钟敲碎 ， 然后再分别搬回家 。 * 小偷找来一把大锤子 ， 拼命朝钟砸去 ， 咣的一声巨响 ， 把他吓了一大跳 。 小偷着慌 ， 心想这下糟了 ， 这钟声不就等于是告诉人们我正在这里偷钟吗  ?  他心里一急 ， 身子一下子扑到了钟上 ， 张开双臂想捂住钟声 ， 可钟声又怎么捂得住呢！ 钟声依然悠悠地传向远方 。 * 他越听越害怕 ， 不由自主地抽回双手 ， 使劲捂住自已的耳朵 。 “  咦 ， 钟声变小了 ， 听不见了！ ”  小偷高兴起来 ， “  妙极了！ 把耳朵捂住不就听不进钟声了吗！ ”  他立刻找来两个布团 ， 把耳朵塞住 ， 心想 ， 这下谁也听不见钟声了 。 于是就放手砸起钟来 ， 一下一下 ， 钟声响亮地传到很远的地方 。 人们听到钟声蜂拥而至把小偷捉住了 。 ',  'chūn qiū shí hòu  ， jìn guó shì jiā zhào shì miè diào le fàn shì  。 yǒu rén chèn jī pǎo dào fàn shì jiā lǐ xiǎng tōu diǎn dōng xī  ， kàn jiàn yuàn zǐ lǐ diào zhe yī kǒu dà zhōng  。 zhōng shì yòng shàng děng qīng tóng zhù chéng de  ， zào xíng hé tú àn dōu hěn jīng měi  。 xiǎo tōu xīn lǐ gāo xìng jí le  ， xiǎng bǎ zhè kǒu jīng měi de dà zhōng bèi huí zì jǐ jiā qù  。 kě shì zhōng yòu dà yòu zhòng  ， zěn me yě nuó bú dòng  。 tā xiǎng lái xiǎng qù  ， zhī yǒu yī gè bàn fǎ  ， nà jiù shì bǎ zhōng qiāo suì  ， rán hòu zài fèn bié bān huí jiā  。 * xiǎo tōu zhǎo lái yī bǎ dà chuí zǐ  ， pīn mìng cháo zhōng zá qù  ， guāng de yī shēng jù xiǎng  ， bǎ tā xià le yī dà tiào  。 xiǎo tōu zhe huāng  ， xīn xiǎng zhè xià zāo le  ， zhè zhōng shēng bú jiù děng yú shì gào sù rén men wǒ zhèng zài zhè lǐ tōu zhōng ma   ?  tā xīn lǐ yī jí  ， shēn zǐ yī xià zǐ pū dào le zhōng shàng  ， zhāng kāi shuāng bì xiǎng wǔ zhù zhōng shēng  ， kě zhōng shēng yòu zěn me wǔ dé zhù ne ！ zhōng shēng yī rán yōu yōu dì chuán xiàng yuǎn fāng  。 * tā yuè tīng yuè hài pà  ， bú yóu zì zhǔ dì chōu huí shuāng shǒu  ， shǐ jìn wǔ zhù zì yǐ de ěr duǒ  。 “  yí  ， zhōng shēng biàn xiǎo le  ， tīng bú jiàn le ！ ”  xiǎo tōu gāo xìng qǐ lái  ， “  miào jí le ！ bǎ ěr duǒ wǔ zhù bú jiù tīng bú jìn zhōng shēng le ma ！ ”  tā lì kè zhǎo lái liǎng gè bù tuán  ， bǎ ěr duǒ sāi zhù  ， xīn xiǎng  ， zhè xià shuí yě tīng bú jiàn zhōng shēng le  。 yú shì jiù fàng shǒu zá qǐ zhōng lái  ， yī xià yī xià  ， zhōng shēng xiǎng liàng dì chuán dào hěn yuǎn de dì fāng  。 rén men tīng dào zhōng shēng fēng yōng ér zhì bǎ xiǎo tōu zhuō zhù le  。 '); 
INSERT INTO `idoms` VALUES ( 45 ,  '画蛇添足',   4 ,  '画蛇添足.mp4',  '画蛇添足.jpg',  '比喻一人做了一件事 ， 不但无益 ， 反而不合适 ， 也比喻虚构事实 ， 无中生有 ， 多此一举 。 出自《 战国策 ・ 齐策二 》  。 ',  'bǐ yù yī rén zuò le yī jiàn shì  ， bú dàn wú yì  ， fǎn ér bú hé shì  ， yě bǐ yù xū gòu shì shí  ， wú zhōng shēng yǒu  ， duō cǐ yī jǔ  。 chū zì 《 zhàn guó cè  ・ qí cè èr  》  。 ',  '古时候 ， 楚国有一家人 ， 祭完祖之后 ， 准备将祭祀用的一壶酒 ， 赏给帮忙办事的人喝 。 帮忙办事的人很多 ， 这壶酒如果大家都喝是不够的 ， 若是让一个人喝 ， 那能喝得有余 。 这一壶酒到底怎么分呢  ?  * 大家都安静下来 ， 这时有人建议  ： 每个人在地上画一条蛇 ， 谁画得快 ， 这壶酒就归他喝 。 大家都认为这个方法好 ， 都同意这样做 。 于是 ， 在地上画起蛇来 。 有个人画得很快 ， 一转眼最先画好了 ， 他就端起酒壶要喝酒 。 但是他回 头看看别人 ， 还都没有画好呢 。 心里想  ： 他们画得真慢 。  他洋洋得意地说  ：  “  你们画得好慢啊！ 我再给蛇画几只脚也不算晚呢！ ”  于是 ， 他便左手提着酒壶 ， 右手给蛇画起脚来 。 * 正在他一边给蛇画脚 ， 一边说话的时候 ， 另外一个人已经画好了 。 那个人 马上把酒壶从他手里夺过去 ， 说  ： “  你见过蛇吗  ?  蛇是没有脚的 ， 你为什么要给它添上脚呢  ?  所以第一个画好蛇的人不是你 ， 而是我了！ “ 那个人说罢就仰起头来 ， 咕咚咕咚把酒喝下去了 。 ',  'gǔ shí hòu  ， chǔ guó yǒu yī jiā rén  ， jì wán zǔ zhī hòu  ， zhǔn bèi jiāng jì sì yòng de yī hú jiǔ  ， shǎng gěi bāng máng bàn shì de rén hē  。 bāng máng bàn shì de rén hěn duō  ， zhè hú jiǔ rú guǒ dà jiā dōu hē shì bú gòu de  ， ruò shì ràng yī gè rén hē  ， nà néng hē dé yǒu yú  。 zhè yī hú jiǔ dào dǐ zěn me fèn ne   ?  * dà jiā dōu ān jìng xià lái  ， zhè shí yǒu rén jiàn yì   ： měi gè rén zài dì shàng huà yī tiáo shé  ， shuí huà dé kuài  ， zhè hú jiǔ jiù guī tā hē  。 dà jiā dōu rèn wéi zhè gè fāng fǎ hǎo  ， dōu tóng yì zhè yàng zuò  。 yú shì  ， zài dì shàng huà qǐ shé lái  。 yǒu gè rén huà dé hěn kuài  ， yī zhuǎn yǎn zuì xiān huà hǎo le  ， tā jiù duān qǐ jiǔ hú yào hē jiǔ  。 dàn shì tā huí  tóu kàn kàn bié rén  ， hái dōu méi yǒu huà hǎo ne  。 xīn lǐ xiǎng   ： tā men huà dé zhēn màn  。  tā yáng yáng dé yì dì shuō   ：  “  nǐ men huà dé hǎo màn ā ！ wǒ zài gěi shé huà jǐ zhī jiǎo yě bú suàn wǎn ne ！ ”  yú shì  ， tā biàn zuǒ shǒu tí zhe jiǔ hú  ， yòu shǒu gěi shé huà qǐ jiǎo lái  。 * zhèng zài tā yī biān gěi shé huà jiǎo  ， yī biān shuō huà de shí hòu  ， lìng wài yī gè rén yǐ jīng huà hǎo le  。 nà gè rén  mǎ shàng bǎ jiǔ hú cóng tā shǒu lǐ duó guò qù  ， shuō   ： “ nǐ jiàn guò shé ma   ?  shé shì méi yǒu jiǎo de  ， nǐ wéi shí me yào gěi tā tiān shàng jiǎo ne   ?  suǒ yǐ dì yī gè huà hǎo shé de rén bú shì nǐ  ， ér shì wǒ le ！ “ nà gè rén shuō bà jiù yǎng qǐ tóu lái  ， gū dōng gū dōng bǎ jiǔ hē xià qù le  。 '); 
INSERT INTO `idoms` VALUES ( 46 ,  '拔苗助长',   4 ,  '拔苗助长.mp4',  '拔苗助长.jpg',  '比喻违反事物的发展规律 ， 急于求成 ， 最后事与愿违 。 出自《 孟子 ・ 公孙丑上 》  。 ',  'bǐ yù wéi fǎn shì wù de fā zhǎn guī lǜ  ， jí yú qiú chéng  ， zuì hòu shì yǔ yuàn wéi  。 chū zì 《 mèng zǐ  ・ gōng sūn chǒu shàng  》  。 ',  '有个宋国人 ， 他十分期盼禾苗长高 ， 于是就去田里把禾苗一个个的拔高 ， 一天下来十分疲劳但很满足 ， 回到家对他的家人说  ： “  可把我累坏了 ， 我帮助禾苗长高了！ ”  他儿子听说后急忙到田里去看苗 ( 的情况 )  ， 然而苗都枯萎了 。 ',  'yǒu gè sòng guó rén  ， tā shí fèn qī pàn hé miáo zhǎng gāo  ， yú shì jiù qù tián lǐ bǎ hé miáo yī gè gè de bá gāo  ， yī tiān xià lái shí fèn pí láo dàn hěn mǎn zú  ， huí dào jiā duì tā de jiā rén shuō   ： “  kě bǎ wǒ lèi huài le  ， wǒ bāng zhù hé miáo zhǎng gāo le ！ ”  tā ér zǐ tīng shuō hòu jí máng dào tián lǐ qù kàn miáo  ( de qíng kuàng  )  ， rán ér miáo dōu kū wěi le  。 '); 
INSERT INTO `idoms` VALUES ( 47 ,  '对牛弹琴',   4 ,  '对牛弹琴.mp4',  '对牛弹琴.jpg',  '意思是讥笑听话的人不懂对方说的是什么 。 用以讥笑说话的人不看对象 。 出自《 理惑论 》  。 ',  'yì sī shì jī xiào tīng huà de rén bú dǒng duì fāng shuō de shì shí me  。 yòng yǐ jī xiào shuō huà de rén bú kàn duì xiàng  。 chū zì 《 lǐ huò lùn  》  。 ',  '很久以前 ， 有一个叫公明仪的大音乐家 。 有一次 ， 他看到一头牛正在吃草 ， 就给牛弹奏了一曲深奥的 “  清角之操”  。 但牛就像没听到一样 ， 照常吃草 。 公明仪认真观察了一番 ， 发现牛不是没听到琴曲 ， 而是因为听不懂这首曲子 ， 所以才没有任何反应 。 * 明确这点后 ， 公明仪又弹了一首新曲子 ， 听起来就像蚊子 、 牛蝇和小牛在叫唤一样 。 牛听到这首曲子之后 ， 马上停下来 ， 摇头摆尾地竖着耳朵仔细听起来 。 ',  'hěn jiǔ yǐ qián  ， yǒu yī gè jiào gōng míng yí de dà yīn lè jiā  。 yǒu yī cì  ， tā kàn dào yī tóu niú zhèng zài chī cǎo  ， jiù gěi niú dàn zòu le yī qǔ shēn ào de  “  qīng jiǎo zhī cāo ”  。 dàn niú jiù xiàng méi tīng dào yī yàng  ， zhào cháng chī cǎo  。 gōng míng yí rèn zhēn guān chá le yī fān  ， fā xiàn niú bú shì méi tīng dào qín qǔ  ， ér shì yīn wéi tīng bú dǒng zhè shǒu qǔ zǐ  ， suǒ yǐ cái méi yǒu rèn hé fǎn yīng  。 * míng què zhè diǎn hòu  ， gōng míng yí yòu dàn le yī shǒu xīn qǔ zǐ  ， tīng qǐ lái jiù xiàng wén zǐ  、 niú yíng hé xiǎo niú zài jiào huàn yī yàng  。 niú tīng dào zhè shǒu qǔ zǐ zhī hòu  ， mǎ shàng tíng xià lái  ， yáo tóu bǎi wěi dì shù zhe ěr duǒ zǎi xì tīng qǐ lái  。 '); 
INSERT INTO `idoms` VALUES ( 48 ,  '画饼充饥',   4 ,  '画饼充饥.mp4',  '画饼充饥.jpg',  '本比喻徒有虚名而无实际无好处 。 后多用来比喻以空想来安慰自己 。 出自晋 ·  陈寿《 三国志 ·  魏书 ・ 卢毓传 》  。 ',  'běn bǐ yù tú yǒu xū míng ér wú shí jì wú hǎo chù  。 hòu duō yòng lái bǐ yù yǐ kōng xiǎng lái ān wèi zì jǐ  。 chū zì jìn  ·  chén shòu 《 sān guó zhì  ·  wèi shū  ・ lú yù chuán  》  。 ',  '三国时候 ， 魏国有个人叫卢毓 。 他十岁就成了孤儿 ， 两个哥哥又先后去世 。 在兵荒马乱中 ， 他辛勤努力养活著寡嫂和侄儿 ， 日子过得很艰难 。 他的为人和学问受到了人们的称赞 。 后来卢毓做了官 。 他为官清正 ， 任职三年多 ， 提出了不少好建议 ， 魏明皇帝很信任他 。 那时选拔官吏 ， 一般是凭人推荐 ， 而推荐者往往只推荐有名的人物 ， 这些名人多数只重清谈 ， 不务实际 ， 互相吹捧 ， 因此魏明帝很不满意 。 在选拔中书郎时 ， 魏明帝就下令说 :  “ 这次选拔 ， 要由卢毓来推荐 。 选拔的人不要只看名声 。 名声就像在地上画个饼一样 ，  其实是不能吃的啊”  。  ',  'sān guó shí hòu  ， wèi guó yǒu gè rén jiào lú yù  。 tā shí suì jiù chéng le gū ér  ， liǎng gè gē gē yòu xiān hòu qù shì  。 zài bīng huāng mǎ luàn zhōng  ， tā xīn qín nǔ lì yǎng huó zhe guǎ sǎo hé zhí ér  ， rì zǐ guò dé hěn jiān nán  。 tā de wéi rén hé xué wèn shòu dào le rén men de chēng zàn  。 hòu lái lú yù zuò le guān  。 tā wéi guān qīng zhèng  ， rèn zhí sān nián duō  ， tí chū le bú shǎo hǎo jiàn yì  ， wèi míng huáng dì hěn xìn rèn tā  。 nà shí xuǎn bá guān lì  ， yī bān shì píng rén tuī jiàn  ， ér tuī jiàn zhě wǎng wǎng zhī tuī jiàn yǒu míng de rén wù  ， zhè xiē míng rén duō shù zhī zhòng qīng tán  ， bú wù shí jì  ， hù xiàng chuī pěng  ， yīn cǐ wèi míng dì hěn bú mǎn yì  。 zài xuǎn bá zhōng shū láng shí  ， wèi míng dì jiù xià lìng shuō  :  “ zhè cì xuǎn bá  ， yào yóu lú yù lái tuī jiàn  。 xuǎn bá de rén bú yào zhī kàn míng shēng  。 míng shēng jiù xiàng zài dì shàng huà gè bǐng yī yàng  ，  qí shí shì bú néng chī de ā ”  。  '); 
INSERT INTO `idoms` VALUES ( 49 ,  '塞翁失马',   4 ,  '塞翁失马.mp4',  '塞翁失马.jpg',  '比喻一时虽然受到损失 ， 也许反而因此能得到好处 。 也指坏事在一定条件下可变为好事 。 出自《 淮南鸿烈集解 》  。 ',  'bǐ yù yī shí suī rán shòu dào sǔn shī  ， yě xǔ fǎn ér yīn cǐ néng dé dào hǎo chù  。 yě zhǐ huài shì zài yī dìng tiáo jiàn xià kě biàn wéi hǎo shì  。 chū zì 《 huái nán hóng liè jí jiě  》  。 ',  '有位擅长推测吉凶掌握术数的人居住在靠近边塞的地方 。 一次 ， 他的马无缘无故跑到了胡人的住地 。 人们都为此来宽慰他 。 那老人却说  ： “  这怎么就不是一种福气呢  ?  ”  过了几个月 ， 那匹失马带着胡人的许多匹良驹回来了 。 人们都前来祝贺他 。 那老人又说  ： “  这怎么就不是一种灾祸呢  ?  ”  算卦人的家中有很多好马 ， 他的儿子爱好骑马 ， 结果从马上掉下来摔断了腿 。 人们都前来慰问他 。 那老人说  ： “  这怎么就不是一件好事呢  ?  ”  过了一年 ， 胡人大举入侵边塞 ， 健壮男子都被征兵去作战 。 边塞附近的人 ， 死亡众多 。 惟有塞翁的儿子因为腿瘸的缘故免于征战 ， 父子俩一同保全了性命 。 ',  'yǒu wèi shàn zhǎng tuī cè jí xiōng zhǎng wò shù shù de rén jū zhù zài kào jìn biān sāi de dì fāng  。 yī cì  ， tā de mǎ wú yuán wú gù pǎo dào le hú rén de zhù dì  。 rén men dōu wéi cǐ lái kuān wèi tā  。 nà lǎo rén què shuō   ： “  zhè zěn me jiù bú shì yī zhǒng fú qì ne   ?  ”  guò le jǐ gè yuè  ， nà pǐ shī mǎ dài zhe hú rén de xǔ duō pǐ liáng jū huí lái le  。 rén men dōu qián lái zhù hè tā  。 nà lǎo rén yòu shuō   ： “  zhè zěn me jiù bú shì yī zhǒng zāi huò ne   ?  ”  suàn guà rén de jiā zhōng yǒu hěn duō hǎo mǎ  ， tā de ér zǐ ài hǎo qí mǎ  ， jié guǒ cóng mǎ shàng diào xià lái shuāi duàn le tuǐ  。 rén men dōu qián lái wèi wèn tā  。 nà lǎo rén shuō   ： “  zhè zěn me jiù bú shì yī jiàn hǎo shì ne   ?  ”  guò le yī nián  ， hú rén dà jǔ rù qīn biān sāi  ， jiàn zhuàng nán zǐ dōu bèi zhēng bīng qù zuò zhàn  。 biān sāi fù jìn de rén  ， sǐ wáng zhòng duō  。 wéi yǒu sāi wēng de ér zǐ yīn wéi tuǐ qué de yuán gù miǎn yú zhēng zhàn  ， fù zǐ liǎng yī tóng bǎo quán le xìng mìng  。 '); 
INSERT INTO `idoms` VALUES ( 50 ,  '草船借箭',   5 ,  '草船借箭.mp4',  '草船借箭.jpg',  '草船借箭是我国古典名著《 三国演义 》 中赤壁之战的一个故事 。 ',  'cǎo chuán jiè jiàn shì wǒ guó gǔ diǎn míng zhe 《 sān guó yǎn yì  》 zhōng chì bì zhī zhàn de yī gè gù shì  。 ',  '在三国时期 ， 曹操率领大军想要征服东吴 ， 于是孙权和刘备联合起来对抗曹操 。 孙权的手下有位大将名叫周瑜 ， 他非常嫉妒诸葛亮的智谋 ， 便让诸葛亮在十天之内制造出十万支弓箭 ， 谁知诸葛亮说只要三天 ， 还立下了军令状 。 * 诸葛亮向前来监视的鲁肃要了  2  0  只 、  3  0  个军士以及一千多个草把子 ， 鲁肃答应了 ， 但是两天过去了 ， 诸葛亮都没有动静 ， 直到第三天四更的时候 ， 诸葛亮才请鲁肃一起去船上 。 这天大雾弥漫 ， 很难见人 ， 到曹军水寨的时候 ， 诸葛亮让船一字排开 ， 命士兵击鼓呐喊 ， 曹操看见雾气浓重 ， 怕中埋伏 ， 便命令弓箭手往船上射箭 。 * 直到太阳快要出来 ， 雾要消散的时候 ， 诸葛亮才命令船往回开 ， 这时船上的草把子上插满了剑 ，  2  0  只船 ， 总共超过了十万只 。 鲁肃将借箭的过程告诉了周瑜 ， 周瑜自愧弗如 。 ',  'zài sān guó shí qī  ， cáo cāo lǜ lǐng dà jun  xiǎng yào zhēng fú dōng wú  ， yú shì sūn quán hé liú bèi lián hé qǐ lái duì kàng cáo cāo  。 sūn quán de shǒu xià yǒu wèi dà jiāng míng jiào zhōu yú  ， tā fēi cháng jí dù zhū gě liàng de zhì móu  ， biàn ràng zhū gě liàng zài shí tiān zhī nèi zhì zào chū shí wàn zhī gōng jiàn  ， shuí zhī zhū gě liàng shuō zhī yào sān tiān  ， hái lì xià le jun  lìng zhuàng  。 * zhū gě liàng xiàng qián lái jiān shì de lǔ sù yào le   2  0  zhī  、  3  0  gè jun  shì yǐ jí yī qiān duō gè cǎo bǎ zǐ  ， lǔ sù dá yīng le  ， dàn shì liǎng tiān guò qù le  ， zhū gě liàng dōu méi yǒu dòng jìng  ， zhí dào dì sān tiān sì gèng de shí hòu  ， zhū gě liàng cái qǐng lǔ sù yī qǐ qù chuán shàng  。 zhè tiān dà wù mí màn  ， hěn nán jiàn rén  ， dào cáo jun  shuǐ zhài de shí hòu  ， zhū gě liàng ràng chuán yī zì pái kāi  ， mìng shì bīng jī gǔ nà hǎn  ， cáo cāo kàn jiàn wù qì nóng zhòng  ， pà zhōng mái fú  ， biàn mìng lìng gōng jiàn shǒu wǎng chuán shàng shè jiàn  。 * zhí dào tài yáng kuài yào chū lái  ， wù yào xiāo sàn de shí hòu  ， zhū gě liàng cái mìng lìng chuán wǎng huí kāi  ， zhè shí chuán shàng de cǎo bǎ zǐ shàng chā mǎn le jiàn  ，  2  0  zhī chuán  ， zǒng gòng chāo guò le shí wàn zhī  。 lǔ sù jiāng jiè jiàn de guò chéng gào sù le zhōu yú  ， zhōu yú zì kuì fú rú  。 '); 
INSERT INTO `idoms` VALUES ( 51 ,  '三顾茅庐',   5 ,  '三顾茅庐.mp4',  '三顾茅庐.jpg',  '三顾茅庐又名三顾草庐 ， 典出《 三国志 ・ 蜀志 ・ 诸葛亮传 》  。 ',  'sān gù máo lú yòu míng sān gù cǎo lú  ， diǎn chū 《 sān guó zhì  ・ shǔ zhì  ・ zhū gě liàng chuán  》  。 ',  '官渡大战后 ， 曹操打败了刘备 。 刘备只得投靠刘表 。 曹操为得到刘备的谋士徐庶 ， 就谎称徐庶的母亲病了 ， 让徐庶立刻去许都 。 徐庶临走时告诉刘备 ， 邓县隆中有个奇才叫诸葛亮 ， 如果能得到他的帮助 ， 就可以得到天下了 。 * 第二天 ， 刘备就和关羽 、 张飞带着礼物 ， 去南阳郡邓县隆中拜访诸葛亮 。 谁知诸葛亮刚好出游去了 ， 书童也说不知什么时候回来 。 刘备只好回去了 。 * 过了几天 ， 刘备和关羽 、 张飞冒着大雪又来到诸葛亮的家 。 刘备看见一个青年正在读书 ， 急忙过去行礼 。 可那个青年是诸葛亮的弟弟 。 他告诉刘备 ， 哥哥被朋友邀走了 。 刘备非常失望 ， 只好留下一封信 ， 说渴望得到诸葛亮的帮助 ， 平定天下 。 * 转眼过了新年 ， 刘备选了个好日子 ， 又一次来到隆中 。 这次 ， 诸葛亮正好在睡觉 。 刘备让关羽 、 张飞在门外等候 ， 自己在台阶下静静地站着 。 过了很长时间 ， 诸葛亮才醒来 ， 刘备向他请教平定天下的办法 。 * 诸葛亮给刘备分析了天下的形势 ， 说  ： “  北让曹操占天时 ， 南让孙权占地利 ， 将军可占人和 ， 拿下西川成大业 ， 和曹 、 孙成三足鼎立之势 。 ”  刘备一听 ， 非常佩服 ， 请求他相助 。 诸葛亮答应了 。 那年诸葛亮才  2  7  岁 。 ',  'guān dù dà zhàn hòu  ， cáo cāo dǎ bài le liú bèi  。 liú bèi zhī dé tóu kào liú biǎo  。 cáo cāo wéi dé dào liú bèi de móu shì xú shù  ， jiù huǎng chēng xú shù de mǔ qīn bìng le  ， ràng xú shù lì kè qù xǔ dōu  。 xú shù lín zǒu shí gào sù liú bèi  ， dèng xiàn lóng zhōng yǒu gè qí cái jiào zhū gě liàng  ， rú guǒ néng dé dào tā de bāng zhù  ， jiù kě yǐ dé dào tiān xià le  。 * dì èr tiān  ， liú bèi jiù hé guān yǔ  、 zhāng fēi dài zhe lǐ wù  ， qù nán yáng jun  dèng xiàn lóng zhōng bài fǎng zhū gě liàng  。 shuí zhī zhū gě liàng gāng hǎo chū yóu qù le  ， shū tóng yě shuō bú zhī shí me shí hòu huí lái  。 liú bèi zhī hǎo huí qù le  。 * guò le jǐ tiān  ， liú bèi hé guān yǔ  、 zhāng fēi mào zhe dà xuě yòu lái dào zhū gě liàng de jiā  。 liú bèi kàn jiàn yī gè qīng nián zhèng zài dú shū  ， jí máng guò qù háng lǐ  。 kě nà gè qīng nián shì zhū gě liàng de dì dì  。 tā gào sù liú bèi  ， gē gē bèi péng yǒu yāo zǒu le  。 liú bèi fēi cháng shī wàng  ， zhī hǎo liú xià yī fēng xìn  ， shuō kě wàng dé dào zhū gě liàng de bāng zhù  ， píng dìng tiān xià  。 * zhuǎn yǎn guò le xīn nián  ， liú bèi xuǎn le gè hǎo rì zǐ  ， yòu yī cì lái dào lóng zhōng  。 zhè cì  ， zhū gě liàng zhèng hǎo zài shuì jiào  。 liú bèi ràng guān yǔ  、 zhāng fēi zài mén wài děng hòu  ， zì jǐ zài tái jiē xià jìng jìng dì zhàn zhe  。 guò le hěn zhǎng shí jiān  ， zhū gě liàng cái xǐng lái  ， liú bèi xiàng tā qǐng jiāo píng dìng tiān xià de bàn fǎ  。 * zhū gě liàng gěi liú bèi fèn xī le tiān xià de xíng shì  ， shuō   ： “  běi ràng cáo cāo zhàn tiān shí  ， nán ràng sūn quán zhàn dì lì  ， jiāng jun  kě zhàn rén hé  ， ná xià xī chuān chéng dà yè  ， hé cáo  、 sūn chéng sān zú dǐng lì zhī shì  。 ”  liú bèi yī tīng  ， fēi cháng pèi fú  ， qǐng qiú tā xiàng zhù  。 zhū gě liàng dá yīng le  。 nà nián zhū gě liàng cái   2  7  suì  。 '); 
INSERT INTO `idoms` VALUES ( 52 ,  '南辕北辙',   5 ,  '南辕北辙.mp4',  '南辕北辙.jpg',  '比喻行动和目的相抵触 。 出自《 战国策 ・ 魏策四 》  。 ',  'bǐ yù háng dòng hé mù de xiàng dǐ chù  。 chū zì 《 zhàn guó cè  ・ wèi cè sì  》  。 ',  '魏王想攻打赵国 ， 季梁劝他说  ： “  我在大路上遇到一个赶着车向北走的人 ， 告诉我说  ：  ‘ 我要去楚国 。 \' 我问他  ：  ‘ 你要去楚国 ， 为什么要向北呢  ?  \' 他说  ： \' 我的马跑得快 。 \' 我说  ： \' 您的马虽然跑得快 ， 但这不是去楚国的路啊！ \' 他又说  ： \' 我的盘缠很充足 。 \' 我说  ：  ‘ 你的盘缠虽然多 ， 但这不是去楚国的路啊！ \' 他又说  ： \' 给我驾车的人本领很高 。 \' 他不知道方向错了 ， 赶路的条件越好 ， 离楚国的距离就会越远 。 * 现在大王动不动就想称霸诸侯 ， 办什么事都想取得天下的信任 ， 依仗自己国家强大 ， 军队精锐 ， 而去攻打邯郸 ， 想扩展地盘抬高声威 ， 岂不知您这样的行动越多 ， 距离统一天下为王的目标就越远 ， 这正像要去楚国却向北走的行为一样啊！ “ ',  'wèi wáng xiǎng gōng dǎ zhào guó  ， jì liáng quàn tā shuō   ： “  wǒ zài dà lù shàng yù dào yī gè gǎn zhe chē xiàng běi zǒu de rén  ， gào sù wǒ shuō   ：  ‘ wǒ yào qù chǔ guó  。 \' wǒ wèn tā   ：  ‘ nǐ yào qù chǔ guó  ， wéi shí me yào xiàng běi ne   ?  \' tā shuō   ： \' wǒ de mǎ pǎo dé kuài  。 \' wǒ shuō   ： \' nín de mǎ suī rán pǎo dé kuài  ， dàn zhè bú shì qù chǔ guó de lù ā ！ \' tā yòu shuō   ： \' wǒ de pán chán hěn chōng zú  。 \' wǒ shuō   ：  ‘ nǐ de pán chán suī rán duō  ， dàn zhè bú shì qù chǔ guó de lù ā ！ \' tā yòu shuō   ： \' gěi wǒ jià chē de rén běn lǐng hěn gāo  。 \' tā bú zhī dào fāng xiàng cuò le  ， gǎn lù de tiáo jiàn yuè hǎo  ， lí chǔ guó de jù lí jiù huì yuè yuǎn  。 * xiàn zài dà wáng dòng bú dòng jiù xiǎng chēng bà zhū hóu  ， bàn shí me shì dōu xiǎng qǔ dé tiān xià de xìn rèn  ， yī zhàng zì jǐ guó jiā qiáng dà  ， jun  duì jīng ruì  ， ér qù gōng dǎ hán dān  ， xiǎng kuò zhǎn dì pán tái gāo shēng wēi  ， qǐ bú zhī nín zhè yàng de háng dòng yuè duō  ， jù lí tǒng yī tiān xià wéi wáng de mù biāo jiù yuè yuǎn  ， zhè zhèng xiàng yào qù chǔ guó què xiàng běi zǒu de háng wéi yī yàng ā ！ “ '); 
INSERT INTO `idoms` VALUES ( 53 ,  '草木皆兵',   5 ,  '草木皆兵.mp4',  '草木皆兵.jpg',  '意思是把山上的草木都当做敌兵 。 形容人在惊慌时疑神疑鬼 。 出处《 晋书 ・ 苻坚载记 》 ',  'yì sī shì bǎ shān shàng de cǎo mù dōu dāng zuò dí bīng  。 xíng róng rén zài jīng huāng shí yí shén yí guǐ  。 chū chù 《 jìn shū  ・ fú jiān zǎi jì  》 ',  '东晋时 ， 前秦一直想吞并晋王朝 ， 秦王苻坚亲自率领九十万大军 ， 去攻打晋国 。 晋国派大将谢石 、 谢玄领八万兵马迎战 。 苻坚当然很傲慢 ， 根本没把力量悬殊的晋军看在眼里 。 * 可是 ， 谁料到先头部队的前锋同晋军首战便被打败 ， 苻坚慌了手脚 。 他和弟弟苻融趁夜去前线视察 ， 他看到晋军阵容严整 ， 士气高昂 ， 连晋军驻扎的八公山上的草木 ， 也影影绰绰像是满山遍野的士兵呢！ 接着 ， 在淝水 (今中国安徽瓦埠湖一带) 决战 ， 秦军被彻底击溃 ， 损失惨重 ， 秦王苻坚自己受伤 ， 弟弟苻融也阵亡了 。 苻坚仓皇而逃 ， 他听到风吹树木的声音也以为是敌人追兵又到了 。 ',  'dōng jìn shí  ， qián qín yī zhí xiǎng tūn bìng jìn wáng cháo  ， qín wáng fú jiān qīn zì lǜ lǐng jiǔ shí wàn dà jun   ， qù gōng dǎ jìn guó  。 jìn guó pài dà jiāng xiè shí  、 xiè xuán lǐng bā wàn bīng mǎ yíng zhàn  。 fú jiān dāng rán hěn ào màn  ， gēn běn méi bǎ lì liàng xuán shū de jìn jun  kàn zài yǎn lǐ  。 * kě shì  ， shuí liào dào xiān tóu bù duì de qián fēng tóng jìn jun  shǒu zhàn biàn bèi dǎ bài  ， fú jiān huāng le shǒu jiǎo  。 tā hé dì dì fú róng chèn yè qù qián xiàn shì chá  ， tā kàn dào jìn jun  zhèn róng yán zhěng  ， shì qì gāo áng  ， lián jìn jun  zhù zhā de bā gōng shān shàng de cǎo mù  ， yě yǐng yǐng chāo chāo xiàng shì mǎn shān biàn yě de shì bīng ne ！ jiē zhe  ， zài féi shuǐ  ( jīn zhōng guó ān huī wǎ bù hú yī dài ) jué zhàn  ， qín jun  bèi chè dǐ jī kuì  ， sǔn shī cǎn zhòng  ， qín wáng fú jiān zì jǐ shòu shāng  ， dì dì fú róng yě zhèn wáng le  。 fú jiān cāng huáng ér táo  ， tā tīng dào fēng chuī shù mù de shēng yīn yě yǐ wéi shì dí rén zhuī bīng yòu dào le  。 '); 
INSERT INTO `idoms` VALUES ( 54 ,  '论功行赏',   5 ,  '论功行赏.mp4',  '论功行赏.jpg',  '指按功劳大小给予奖赏 。 出自《 韩非子 ・ 八说 》  。 ',  'zhǐ àn gōng láo dà xiǎo gěi yǔ jiǎng shǎng  。 chū zì 《 hán fēi zǐ  ・ bā shuō  》  。 ',  '刘邦消灭项羽后 ， 平定天下 ， 当上了皇帝 ， 史称汉高祖 。 接着 ， 要对功臣们评定功绩的大小 ， 给予封赏 。 刘邦认为 ， 萧何的功劳最大 ， 要封他为酂侯 ， 给予的封户也最多 。 群臣们对此不满 ， 都说  ： “  平阳侯曹参身受七十处创伤 ， 攻城夺地 ， 功劳最多 ， 应该排在第一位 。 ”  这时 ， 关内侯鄂千秋把刘邦要讲而未讲的话讲了出来  ： “  众位大臣的主张是不对时 。 曹参虽然有转战各处 、 夺取地盘的功劳 ， 但这是一时的事情 。 大王与楚军相持五年 ， 常常失掉军队 ， 只身逃走也有好几次 。 然而 ， 萧何常派遣军队补充前线 。 这些都不是大王下令让他做的 。 汉军与楚军在荥阳时对垒数年 ， 军中没有口粮 ， 萧何又用车船运来粮食 。 如今即使没有上百个曹参 ， 对汉室也不会有损失 ， 怎么能让一时的功劳凌驾在万世的功勋之上呢  ?  应该是萧何排在第一位 ， 曹参居第二位 。 ”  刘邦肯定了鄂千秋的话 ， 于是确定萧何为第一位 ， 准许他带剑穿鞋上殿 ， 上朝时可以不按礼仪小步快走 。 ',  'liú bāng xiāo miè xiàng yǔ hòu  ， píng dìng tiān xià  ， dāng shàng le huáng dì  ， shǐ chēng hàn gāo zǔ  。 jiē zhe  ， yào duì gōng chén men píng dìng gōng jì de dà xiǎo  ， gěi yǔ fēng shǎng  。 liú bāng rèn wéi  ， xiāo hé de gōng láo zuì dà  ， yào fēng tā wéi zàn hóu  ， gěi yǔ de fēng hù yě zuì duō  。 qún chén men duì cǐ bú mǎn  ， dōu shuō   ： “  píng yáng hóu cáo cān shēn shòu qī shí chù chuàng shāng  ， gōng chéng duó dì  ， gōng láo zuì duō  ， yīng gāi pái zài dì yī wèi  。 ”  zhè shí  ， guān nèi hóu è qiān qiū bǎ liú bāng yào jiǎng ér wèi jiǎng de huà jiǎng le chū lái   ： “  zhòng wèi dà chén de zhǔ zhāng shì bú duì shí  。 cáo cān suī rán yǒu zhuǎn zhàn gè chù  、 duó qǔ dì pán de gōng láo  ， dàn zhè shì yī shí de shì qíng  。 dà wáng yǔ chǔ jun  xiàng chí wǔ nián  ， cháng cháng shī diào jun  duì  ， zhī shēn táo zǒu yě yǒu hǎo jǐ cì  。 rán ér  ， xiāo hé cháng pài qiǎn jun  duì bǔ chōng qián xiàn  。 zhè xiē dōu bú shì dà wáng xià lìng ràng tā zuò de  。 hàn jun  yǔ chǔ jun  zài yíng yáng shí duì lěi shù nián  ， jun  zhōng méi yǒu kǒu liáng  ， xiāo hé yòu yòng chē chuán yùn lái liáng shí  。 rú jīn jí shǐ méi yǒu shàng bǎi gè cáo cān  ， duì hàn shì yě bú huì yǒu sǔn shī  ， zěn me néng ràng yī shí de gōng láo líng jià zài wàn shì de gōng xūn zhī shàng ne   ?  yīng gāi shì xiāo hé pái zài dì yī wèi  ， cáo cān jū dì èr wèi  。 ”  liú bāng kěn dìng le è qiān qiū de huà  ， yú shì què dìng xiāo hé wéi dì yī wèi  ， zhǔn xǔ tā dài jiàn chuān xié shàng diàn  ， shàng cháo shí kě yǐ bú àn lǐ yí xiǎo bù kuài zǒu  。 '); 
INSERT INTO `idoms` VALUES ( 55 ,  '半途而废',   5 ,  '半途而废.mp4',  '半途而废.jpg',  '比喻做事不能坚持到底 ， 有始无终 。 出自西汉 ・ 戴圣《 礼记 ・ 中庸 》  。 ',  'bǐ yù zuò shì bú néng jiān chí dào dǐ  ， yǒu shǐ wú zhōng  。 chū zì xī hàn  ・ dài shèng 《 lǐ jì  ・ zhōng yōng  》  。 ',  '东汉时 ， 河南郡有一位贤惠的女子 ， 人们都不知她叫什么名字 ， 只知道是乐羊子的妻子 。 一天 ， 乐羊子在路上拾到一块金子 ， 回家后把它交给妻子 。 妻子说  ： “  我听说有志向的人不喝 “ 盗泉“  的水 ， 因为它的名字令人厌恶； 也不吃别人施舍而呼唤过来吃的食物 ， 宁可饿死 。 更何况拾取别人失去的乐西 。 这样会玷污品行 。 ”  乐羊子听了妻子的话 ， 非常惭愧 ， 就把那块金子扔到野外 ， 然后到远方去寻师求学 。  一年后 ， 乐羊子归来 。 妻子跪着问他为何回家 ， 乐羊子说  ： “  出门时间长了想家 ， 没有其他缘故 。 ”  妻子听罢 ， 操起一把刀走到织布机前 ， 严厉地说  ： “  这机上织的绢帛产自蚕茧 ， 成于织机 。 一根丝一根丝地积累起来 ， 才有一寸长； 一寸寸地积累下去 ， 才有一丈乃至一匹 。 今天如果我将它割断 ， 就会前功尽弃 ， 从前的时间也就白白浪费掉 。 ” 妻子接着又说  ： “  读书也是这样 ， 你积累学问 ， 应该每天获得新的知识 ， 从而使自已的品行日益完美 。 如果半途而归 ， 和割断织丝有什么两样呢  ?  ” 乐羊子被妻子说的话深深感动 ， 于是又去完成学业 ， 一连七年没有回过家 。 ',  'dōng hàn shí  ， hé nán jun  yǒu yī wèi xián huì de nǚ zǐ  ， rén men dōu bú zhī tā jiào shí me míng zì  ， zhī zhī dào shì lè yáng zǐ de qī zǐ  。 yī tiān  ， lè yáng zǐ zài lù shàng shí dào yī kuài jīn zǐ  ， huí jiā hòu bǎ tā jiāo gěi qī zǐ  。 qī zǐ shuō   ： “  wǒ tīng shuō yǒu zhì xiàng de rén bú hē  “ dào quán “  de shuǐ  ， yīn wéi tā de míng zì lìng rén yàn è ； yě bú chī bié rén shī shě ér hū huàn guò lái chī de shí wù  ， níng kě è sǐ  。 gèng hé kuàng shí qǔ bié rén shī qù de lè xī  。 zhè yàng huì diàn wū pǐn háng  。 ”  lè yáng zǐ tīng le qī zǐ de huà  ， fēi cháng cán kuì  ， jiù bǎ nà kuài jīn zǐ rēng dào yě wài  ， rán hòu dào yuǎn fāng qù xún shī qiú xué  。  yī nián hòu  ， lè yáng zǐ guī lái  。 qī zǐ guì zhe wèn tā wéi hé huí jiā  ， lè yáng zǐ shuō   ： “  chū mén shí jiān zhǎng le xiǎng jiā  ， méi yǒu qí tā yuán gù  。 ”  qī zǐ tīng bà  ， cāo qǐ yī bǎ dāo zǒu dào zhī bù jī qián  ， yán lì dì shuō   ： “  zhè jī shàng zhī de juàn bó chǎn zì cán jiǎn  ， chéng yú zhī jī  。 yī gēn sī yī gēn sī dì jī lèi qǐ lái  ， cái yǒu yī cùn zhǎng ； yī cùn cùn dì jī lèi xià qù  ， cái yǒu yī zhàng nǎi zhì yī pǐ  。 jīn tiān rú guǒ wǒ jiāng tā gē duàn  ， jiù huì qián gōng jìn qì  ， cóng qián de shí jiān yě jiù bái bái làng fèi diào  。 ” qī zǐ jiē zhe yòu shuō   ： “  dú shū yě shì zhè yàng  ， nǐ jī lèi xué wèn  ， yīng gāi měi tiān huò dé xīn de zhī shí  ， cóng ér shǐ zì yǐ de pǐn háng rì yì wán měi  。 rú guǒ bàn tú ér guī  ， hé gē duàn zhī sī yǒu shí me liǎng yàng ne   ?  ” lè yáng zǐ bèi qī zǐ shuō de huà shēn shēn gǎn dòng  ， yú shì yòu qù wán chéng xué yè  ， yī lián qī nián méi yǒu huí guò jiā  。 '); 
INSERT INTO `idoms` VALUES ( 56 ,  '四面楚歌',   5 ,  '四面楚歌.mp4',  '四面楚歌.jpg',  '形容人们遭受各方面攻击或逼迫的人事环境 ， 而致陷于孤立窘迫的境地 。 出自《 史记 ·  项羽本纪 》  。 ',  'xíng róng rén men zāo shòu gè fāng miàn gōng jī huò bī pò de rén shì huán jìng  ， ér zhì xiàn yú gū lì jiǒng pò de jìng dì  。 chū zì 《 shǐ jì  ·  xiàng yǔ běn jì  》  。 ',  '项羽和刘邦原来约定以鸿沟东西边作为界限 ， 互不侵犯 。 后来刘邦听从张良和陈平的规劝 ， 觉得应该趁项羽衰弱的时候消灭他 ， 就又和韩信 、 彭越 、 刘贾会合兵力追击正在向东开往彭城的项羽部队 。 终于布置了几层兵力 ， 把项羽紧紧围在垓下 。 这时 ， 项羽手下的兵士已经很少 ， 粮食又没有了 。 夜里听见四面围住他的军队都唱起楚地的民歌 ， 不禁非常吃惊地说  ： 刘邦已经得到了楚地了吗  ?  为什么他的部队里面楚人这么多呢  ?  说看 ， 心里已丧失了斗志 ， 便从床上爬起来 ， 在营帐里面喝酒 ， 并和他最宠爱的妃子虞姬一同唱歌 。 唱完 ， 直掉眼泪 ， 在一旁的人也非常难过 ， 都觉得抬不起头来 。 虞姬自刎于项羽的马前 ， 项羽英雄末路 ， 带了仅剩兵卒至乌江 ， 最终自刎于江边 。 ',  'xiàng yǔ hé liú bāng yuán lái yuē dìng yǐ hóng gōu dōng xī biān zuò wéi jiè xiàn  ， hù bú qīn fàn  。 hòu lái liú bāng tīng cóng zhāng liáng hé chén píng de guī quàn  ， jiào dé yīng gāi chèn xiàng yǔ shuāi ruò de shí hòu xiāo miè tā  ， jiù yòu hé hán xìn  、 péng yuè  、 liú jiǎ huì hé bīng lì zhuī jī zhèng zài xiàng dōng kāi wǎng péng chéng de xiàng yǔ bù duì  。 zhōng yú bù zhì le jǐ céng bīng lì  ， bǎ xiàng yǔ jǐn jǐn wéi zài gāi xià  。 zhè shí  ， xiàng yǔ shǒu xià de bīng shì yǐ jīng hěn shǎo  ， liáng shí yòu méi yǒu le  。 yè lǐ tīng jiàn sì miàn wéi zhù tā de jun  duì dōu chàng qǐ chǔ dì de mín gē  ， bú jìn fēi cháng chī jīng dì shuō   ： liú bāng yǐ jīng dé dào le chǔ dì le ma   ?  wéi shí me tā de bù duì lǐ miàn chǔ rén zhè me duō ne   ?  shuō kàn  ， xīn lǐ yǐ sàng shī le dòu zhì  ， biàn cóng chuáng shàng pá qǐ lái  ， zài yíng zhàng lǐ miàn hē jiǔ  ， bìng hé tā zuì chǒng ài de fēi zǐ yú jī yī tóng chàng gē  。 chàng wán  ， zhí diào yǎn lèi  ， zài yī páng de rén yě fēi cháng nán guò  ， dōu jiào dé tái bú qǐ tóu lái  。 yú jī zì wěn yú xiàng yǔ de mǎ qián  ， xiàng yǔ yīng xióng mò lù  ， dài le jǐn shèng bīng zú zhì wū jiāng  ， zuì zhōng zì wěn yú jiāng biān  。 '); 
INSERT INTO `idoms` VALUES ( 57 ,  '完璧归赵',   5 ,  '完璧归赵.mp4',  '完璧归赵.jpg',  '比喻把物品完好地归还给物品的主人 。 出自《 史记 ·  廉颇蔺相如列传 》  。 ',  'bǐ yù bǎ wù pǐn wán hǎo dì guī hái gěi wù pǐn de zhǔ rén  。 chū zì 《 shǐ jì  ·  lián pō lìn xiàng rú liè chuán  》  。 ',  '赵国有一宝玉和氏璧 ， 秦王听说后 ， 表示愿意用 1  5 城换取和氏璧 。 如果赵国得到秦国的城邑 ， 就将和氏璧留在秦国 ， 反之 ， 一定完壁归赵 。 蔺相如到了秦国后 ， 将和氏璧献上 ， 秦王大喜, 却全无换城给赵之意 。 蔺相如看出了秦王的意思 ， 假说玉上有一小疵点 ， 拿回了宝玉 。 若是秦不按约划地 ， 他宁可将脑袋与宝玉一起在柱子 上撞碎 。 秦昭王无奈 ， 只得划出 1  5 个城邑给赵 。 蔺相如提出要秦王斋戒 5 日 ， 再郑重其事地交换 。 秦昭王只好答应 。 随后蔺相如便派随从偷偷从小道返回赵国 。 到了举行交换仪式时 ， 蔺相如才把送和氏璧之事告诉了秦王 ， 从而保全了和氏璧 。 ',  'zhào guó yǒu yī bǎo yù hé shì bì  ， qín wáng tīng shuō hòu  ， biǎo shì yuàn yì yòng  1  5 chéng huàn qǔ hé shì bì  。 rú guǒ zhào guó dé dào qín guó de chéng yì  ， jiù jiāng hé shì bì liú zài qín guó  ， fǎn zhī  ， yī dìng wán bì guī zhào  。 lìn xiàng rú dào le qín guó hòu  ， jiāng hé shì bì xiàn shàng  ， qín wáng dà xǐ , què quán wú huàn chéng gěi zhào zhī yì  。 lìn xiàng rú kàn chū le qín wáng de yì sī  ， jiǎ shuō yù shàng yǒu yī xiǎo cī diǎn  ， ná huí le bǎo yù  。 ruò shì qín bú àn yuē huá dì  ， tā níng kě jiāng nǎo dài yǔ bǎo yù yī qǐ zài zhù zǐ  shàng zhuàng suì  。 qín zhāo wáng wú nài  ， zhī dé huá chū  1  5 gè chéng yì gěi zhào  。 lìn xiàng rú tí chū yào qín wáng zhāi jiè  5 rì  ， zài zhèng zhòng qí shì dì jiāo huàn  。 qín zhāo wáng zhī hǎo dá yīng  。 suí hòu lìn xiàng rú biàn pài suí cóng tōu tōu cóng xiǎo dào fǎn huí zhào guó  。 dào le jǔ háng jiāo huàn yí shì shí  ， lìn xiàng rú cái bǎ sòng hé shì bì zhī shì gào sù le qín wáng  ， cóng ér bǎo quán le hé shì bì  。 '); 
INSERT INTO `idoms` VALUES ( 58 ,  '望梅止渴',   5 ,  '望梅止渴.mp4',  '望梅止渴.jpg',  '比喻愿望无法实现 ， 用空想安慰自己 。 出自《 世说新语 ・ 假谲 》  。 ',  'bǐ yù yuàn wàng wú fǎ shí xiàn  ， yòng kōng xiǎng ān wèi zì jǐ  。 chū zì 《 shì shuō xīn yǔ  ・ jiǎ jué  》  。 ',  '望梅止渴的故事讲的就是曹操带领他的军队在行军途中 ， 走到了没有水源的道路, 大家的水都喝完了非常的口渴难耐 ， 于是他就传令道 :  “  前边有一片梅子林 ， 果实非常丰富 ， 又酸又甜可以解除我们的口渴 。 ” 士兵们听到这一番话就纷纷流出口水 ，  曹操利用这个机会带士兵们到有水源的地方 。 ',  'wàng méi zhǐ kě de gù shì jiǎng de jiù shì cáo cāo dài lǐng tā de jun  duì zài háng jun  tú zhōng  ， zǒu dào le méi yǒu shuǐ yuán de dào lù , dà jiā de shuǐ dōu hē wán le fēi cháng de kǒu kě nán nài  ， yú shì tā jiù chuán lìng dào  :  “  qián biān yǒu yī piàn méi zǐ lín  ， guǒ shí fēi cháng fēng fù  ， yòu suān yòu tián kě yǐ jiě chú wǒ men de kǒu kě  。 ” shì bīng men tīng dào zhè yī fān huà jiù fēn fēn liú chū kǒu shuǐ  ，  cáo cāo lì yòng zhè gè jī huì dài shì bīng men dào yǒu shuǐ yuán de dì fāng  。 '); 
INSERT INTO `idoms` VALUES ( 59 ,  '脚踏实地',   6 ,  '脚踏实地.mp4',  '脚踏实地.jpg',  '比喻做事踏实 ， 认真 。 出自宋 ・ 邵雍《 邵氏闻见前录 》  。 ',  'bǐ yù zuò shì tà shí  ， rèn zhēn  。 chū zì sòng  ・ shào yōng 《 shào shì wén jiàn qián lù  》  。 ',  '北宋史学家司马光曾编撰了我国最大的一部古代编年史 — — 《 资治通鉴 》  。 他治学严谨 、 刻苦 ， 为编撰《 资治通鉴 》  ， 他每天天不亮就起床 ， 一直工作到深夜 。 他对书稿精益求精 ， 六百多卷的初稿 ， 到定稿时只剩下  8  0  卷 ， 而且全部用工楷字写成 ， 没有写一个草字 ， 剩下的废稿把两间屋子都堆放满了 。 全书上起战国 ， 下至五代 ， 共写了  1  3  6  0  年的历史 。 他这种认真踏实的治学态度 ， 受到人们的赞扬 。 一次司马光问他的朋友  ： 你看我是怎样一个人  ?  朋友答道  ： 你是一个脚踏实地的人 。 ',  'běi sòng shǐ xué jiā sī mǎ guāng céng biān zhuàn le wǒ guó zuì dà de yī bù gǔ dài biān nián shǐ  — — 《 zī zhì tōng jiàn  》  。 tā zhì xué yán jǐn  、 kè kǔ  ， wéi biān zhuàn 《 zī zhì tōng jiàn  》  ， tā měi tiān tiān bú liàng jiù qǐ chuáng  ， yī zhí gōng zuò dào shēn yè  。 tā duì shū gǎo jīng yì qiú jīng  ， liù bǎi duō juàn de chū gǎo  ， dào dìng gǎo shí zhī shèng xià   8  0  juàn  ， ér qiě quán bù yòng gōng kǎi zì xiě chéng  ， méi yǒu xiě yī gè cǎo zì  ， shèng xià de fèi gǎo bǎ liǎng jiān wū zǐ dōu duī fàng mǎn le  。 quán shū shàng qǐ zhàn guó  ， xià zhì wǔ dài  ， gòng xiě le   1  3  6  0  nián de lì shǐ  。 tā zhè zhǒng rèn zhēn tà shí de zhì xué tài dù  ， shòu dào rén men de zàn yáng  。 yī cì sī mǎ guāng wèn tā de péng yǒu   ： nǐ kàn wǒ shì zěn yàng yī gè rén   ?  péng yǒu dá dào   ： nǐ shì yī gè jiǎo tà shí dì de rén  。 '); 
INSERT INTO `idoms` VALUES ( 60 ,  '勤能补拙',   6 ,  '勤能补拙.mp4',  '勤能补拙.jpg',  '指后天的勤奋能够弥补先天的不足 、 缺陷 。 出自宋 ・ 邵雍《 弄笔吟 》  。 ',  'zhǐ hòu tiān de qín fèn néng gòu mí bǔ xiān tiān de bú zú  、 quē xiàn  。 chū zì sòng  ・ shào yōng 《 nòng bǐ yín  》  。 ',  '公元  8  2  5  年 ， 唐敬宗将杭州刺史白居易调任苏州刺史 ， 苏州是唐东南地区最大的州 ， 地方事务繁杂 。 白居易上任后谢绝了所有的宴请 ， 一心处理政务 ， 很快就熟悉当地的情况 ， 整顿吏治 ， 赢得老百姓的好评 。 他认为自己生来笨拙只有靠勤奋才能来弥补 。 ',  'gōng yuán   8  2  5  nián  ， táng jìng zōng jiāng háng zhōu cì shǐ bái jū yì diào rèn sū zhōu cì shǐ  ， sū zhōu shì táng dōng nán dì qū zuì dà de zhōu  ， dì fāng shì wù fán zá  。 bái jū yì shàng rèn hòu xiè jué le suǒ yǒu de yàn qǐng  ， yī xīn chù lǐ zhèng wù  ， hěn kuài jiù shú xī dāng dì de qíng kuàng  ， zhěng dùn lì zhì  ， yíng dé lǎo bǎi xìng de hǎo píng  。 tā rèn wéi zì jǐ shēng lái bèn zhuō zhī yǒu kào qín fèn cái néng lái mí bǔ  。 '); 
INSERT INTO `idoms` VALUES ( 61 ,  '日积月累',   6 ,  '日积月累.mp4',  '日积月累.jpg',  '指一天天地不断积累 。 出自宋 ・ 朱熹《 答周南仲书 》  。 ',  'zhǐ yī tiān tiān dì bú duàn jī lèi  。 chū zì sòng  ・ zhū xī 《 dá zhōu nán zhòng shū  》  。 ',  NULL,  NULL); 
INSERT INTO `idoms` VALUES ( 62 ,  '孺子可教',   6 ,  '孺子可教.mp4',  '孺子可教.jpg',  '指小孩子是可以教诲的 ， 后形容年轻人有出息 ， 可以造就 。 出自西汉 ·  司马迁《 史记 ・ 留侯世家 》  。 ',  'zhǐ xiǎo hái zǐ shì kě yǐ jiāo huì de  ， hòu xíng róng nián qīng rén yǒu chū xī  ， kě yǐ zào jiù  。 chū zì xī hàn  ·  sī mǎ qiān 《 shǐ jì  ・ liú hóu shì jiā  》  。 ',  '张良是秦朝末年人 。 因为行刺秦始皇没有成功 ， 他逃到下邳隐藏起來 。  有一天 ， 张良在一座桥上遇到一位老人 ， 穿得破破烂烂的 。 那老人看见张良 ， 把鞋子扔到桥下 ， 对张良说﹕“  小伙子 ， 下去把鞋子给我捡上来 。 ”  张良下桥把鞋子捡了上来 ， 老人说﹕“  给我穿上 。 ”  张良跪在地上给他穿上鞋 。 老人笑着走了 。 走出老远 ， 又回来对张良说﹕“  你这个小伙子可以教啊！  五天后的早上到桥上来见我 。 ”  * 五天后一大早 ， 张良就来到桥上 ， 但老人已经先到了 。 他责备张良来晚了 ， 叫他五天后再来 。 第二次 ， 鸡一叫张良就赶到桥上 ， 但老人又先到了 。  这次老人大发脾气 ， 叫他五天后再来 。 这次 ， 张良半夜就来了﹐等了一会儿 ， 老人才到 。 老人非常高兴 ， 送给张良一本书 ， 并告诉说  ， 读了这部书大有用处 。  张良回家一看 ， 原来是部兵法书 ， 他日夜攻读 ， 后来帮助刘邦出谋划策 ， 统一了天下 。  ',  'zhāng liáng shì qín cháo mò nián rén  。 yīn wéi háng cì qín shǐ huáng méi yǒu chéng gōng  ， tā táo dào xià pī yǐn cáng qǐ lái  。  yǒu yī tiān  ， zhāng liáng zài yī zuò qiáo shàng yù dào yī wèi lǎo rén  ， chuān dé pò pò làn làn de  。 nà lǎo rén kàn jiàn zhāng liáng  ， bǎ xié zǐ rēng dào qiáo xià  ， duì zhāng liáng shuō ﹕ “  xiǎo huǒ zǐ  ， xià qù bǎ xié zǐ gěi wǒ jiǎn shàng lái  。 ”  zhāng liáng xià qiáo bǎ xié zǐ jiǎn le shàng lái  ， lǎo rén shuō ﹕ “  gěi wǒ chuān shàng  。 ”  zhāng liáng guì zài dì shàng gěi tā chuān shàng xié  。 lǎo rén xiào zhe zǒu le  。 zǒu chū lǎo yuǎn  ， yòu huí lái duì zhāng liáng shuō ﹕ “  nǐ zhè gè xiǎo huǒ zǐ kě yǐ jiāo ā ！  wǔ tiān hòu de zǎo shàng dào qiáo shàng lái jiàn wǒ  。 ”  *  wǔ tiān hòu yī dà zǎo  ， zhāng liáng jiù lái dào qiáo shàng  ， dàn lǎo rén yǐ jīng xiān dào le  。 tā zé bèi zhāng liáng lái wǎn le  ， jiào tā wǔ tiān hòu zài lái  。 dì èr cì  ， jī yī jiào zhāng liáng jiù gǎn dào qiáo shàng  ， dàn lǎo rén yòu xiān dào le  。  zhè cì lǎo rén dà fā pí qì  ， jiào tā wǔ tiān hòu zài lái  。 zhè cì  ， zhāng liáng bàn yè jiù lái le ﹐ děng le yī huì ér  ， lǎo rén cái dào  。 lǎo rén fēi cháng gāo xìng  ， sòng gěi zhāng liáng yī běn shū  ， bìng gào sù shuō   ， dú le zhè bù shū dà yǒu yòng chù  。  zhāng liáng huí jiā yī kàn  ， yuán lái shì bù bīng fǎ shū  ， tā rì yè gōng dú  ， hòu lái bāng zhù liú bāng chū móu huá cè  ， tǒng yī le tiān xià  。  '); 
INSERT INTO `idoms` VALUES ( 63 ,  '半途而废',   6 ,  '半途而废.mp4',  '半途而废.jpg',  '比喻做事不能坚持到底 ， 有始无终 。 出自西汉 ・ 戴圣《 礼记 ・ 中庸 》  。 ',  'bǐ yù zuò shì bú néng jiān chí dào dǐ  ， yǒu shǐ wú zhōng  。 chū zì xī hàn  ・ dài shèng 《 lǐ jì  ・ zhōng yōng  》  。 ',  '东汉时 ， 河南郡有一位贤惠的女子 ， 人们都不知她叫什么名字 ， 只知道是乐羊子的妻子 。 一天 ， 乐羊子在路上拾到一块金子 ， 回家后把它交给妻子 。 妻子说  ： “  我听说有志向的人不喝 “ 盗泉“  的水 ， 因为它的名字令人厌恶； 也不吃别人施舍而呼唤过来吃的食物 ， 宁可饿死 。 更何况拾取别人失去的乐西 。 这样会玷污品行 。 ”  乐羊子听了妻子的话 ， 非常惭愧 ， 就把那块金子扔到野外 ， 然后到远方去寻师求学 。  一年后 ， 乐羊子归来 。 妻子跪着问他为何回家 ， 乐羊子说  ： “  出门时间长了想家 ， 没有其他缘故 。 ”  妻子听罢 ， 操起一把刀走到织布机前 ， 严厉地说  ： “  这机上织的绢帛产自蚕茧 ， 成于织机 。 一根丝一根丝地积累起来 ， 才有一寸长； 一寸寸地积累下去 ， 才有一丈乃至一匹 。 今天如果我将它割断 ， 就会前功尽弃 ， 从前的时间也就白白浪费掉 。 ” 妻子接着又说  ： “  读书也是这样 ， 你积累学问 ， 应该每天获得新的知识 ， 从而使自已的品行日益完美 。 如果半途而归 ， 和割断织丝有什么两样呢  ?  ” 乐羊子被妻子说的话深深感动 ， 于是又去完成学业 ， 一连七年没有回过家 。 ',  'dōng hàn shí  ， hé nán jun  yǒu yī wèi xián huì de nǚ zǐ  ， rén men dōu bú zhī tā jiào shí me míng zì  ， zhī zhī dào shì lè yáng zǐ de qī zǐ  。 yī tiān  ， lè yáng zǐ zài lù shàng shí dào yī kuài jīn zǐ  ， huí jiā hòu bǎ tā jiāo gěi qī zǐ  。 qī zǐ shuō   ： “  wǒ tīng shuō yǒu zhì xiàng de rén bú hē  “ dào quán “  de shuǐ  ， yīn wéi tā de míng zì lìng rén yàn è ； yě bú chī bié rén shī shě ér hū huàn guò lái chī de shí wù  ， níng kě è sǐ  。 gèng hé kuàng shí qǔ bié rén shī qù de lè xī  。 zhè yàng huì diàn wū pǐn háng  。 ”  lè yáng zǐ tīng le qī zǐ de huà  ， fēi cháng cán kuì  ， jiù bǎ nà kuài jīn zǐ rēng dào yě wài  ， rán hòu dào yuǎn fāng qù xún shī qiú xué  。  yī nián hòu  ， lè yáng zǐ guī lái  。 qī zǐ guì zhe wèn tā wéi hé huí jiā  ， lè yáng zǐ shuō   ： “  chū mén shí jiān zhǎng le xiǎng jiā  ， méi yǒu qí tā yuán gù  。 ”  qī zǐ tīng bà  ， cāo qǐ yī bǎ dāo zǒu dào zhī bù jī qián  ， yán lì dì shuō   ： “  zhè jī shàng zhī de juàn bó chǎn zì cán jiǎn  ， chéng yú zhī jī  。 yī gēn sī yī gēn sī dì jī lèi qǐ lái  ， cái yǒu yī cùn zhǎng ； yī cùn cùn dì jī lèi xià qù  ， cái yǒu yī zhàng nǎi zhì yī pǐ  。 jīn tiān rú guǒ wǒ jiāng tā gē duàn  ， jiù huì qián gōng jìn qì  ， cóng qián de shí jiān yě jiù bái bái làng fèi diào  。 ” qī zǐ jiē zhe yòu shuō   ： “  dú shū yě shì zhè yàng  ， nǐ jī lèi xué wèn  ， yīng gāi měi tiān huò dé xīn de zhī shí  ， cóng ér shǐ zì yǐ de pǐn háng rì yì wán měi  。 rú guǒ bàn tú ér guī  ， hé gē duàn zhī sī yǒu shí me liǎng yàng ne   ?  ” lè yáng zǐ bèi qī zǐ shuō de huà shēn shēn gǎn dòng  ， yú shì yòu qù wán chéng xué yè  ， yī lián qī nián méi yǒu huí guò jiā  。 '); 
INSERT INTO `idoms` VALUES ( 64 ,  '水滴石穿',   6 ,  '水滴石穿.mp4',  '水滴石穿.jpg',  '指水滴不断地滴 ， 可以滴穿石头； 比喻坚持不懈 ， 集细微的力量也能成就难能的功劳  。 出自东汉 ・ 班固《 汉书 ・ 枚乘传 》  。 ',  'zhǐ shuǐ dī bú duàn dì dī  ， kě yǐ dī chuān shí tóu ； bǐ yù jiān chí bú xiè  ， jí xì wēi de lì liàng yě néng chéng jiù nán néng de gōng láo   。 chū zì dōng hàn  ・ bān gù 《 hàn shū  ・ méi chéng chuán  》  。 ',  '宋朝时 ， 张乖崖在崇阳当县令 。 当时 ， 常有军卒侮辱将帅 、 小吏侵犯长官的事 。 张乘崖认为这是一种反常的事 ， 下决心要整治这种现象 。 * 一天 ， 他在衙门周围巡行 。 突然 ， 他看见一个小吏从府库中慌慌张张地走出来 。 张乘崖喝住小吏 ， 发现他头巾下藏着一文钱 。 那个小吏支吾了半天 ， 才承认是从府军中偷来的 。 张乘崖把那个小吏带回大堂 ， 下令拷打 。 那小吏不服气  ： 一文钱算得了什么！ 你也只能打我 ， 不能杀我！ 张乘崖大怒 ， 判道  ： 一日一钱 ， 千日千钱 ， 绳锯木断 ， 水滴石穿 。 为了惩罚这种行为 ， 张乘崖当堂斩了这个小吏 。 ',  'sòng cháo shí  ， zhāng guāi yá zài chóng yáng dāng xiàn lìng  。 dāng shí  ， cháng yǒu jun  zú wǔ rǔ jiāng shuài  、 xiǎo lì qīn fàn zhǎng guān de shì  。 zhāng chéng yá rèn wéi zhè shì yī zhǒng fǎn cháng de shì  ， xià jué xīn yào zhěng zhì zhè zhǒng xiàn xiàng  。 * yī tiān  ， tā zài yá mén zhōu wéi xún háng  。 tū rán  ， tā kàn jiàn yī gè xiǎo lì cóng fǔ kù zhōng huāng huāng zhāng zhāng dì zǒu chū lái  。 zhāng chéng yá hē zhù xiǎo lì  ， fā xiàn tā tóu jīn xià cáng zhe yī wén qián  。 nà gè xiǎo lì zhī wú le bàn tiān  ， cái chéng rèn shì cóng fǔ jun  zhōng tōu lái de  。 zhāng chéng yá bǎ nà gè xiǎo lì dài huí dà táng  ， xià lìng kǎo dǎ  。 nà xiǎo lì bú fú qì   ： yī wén qián suàn dé le shí me ！ nǐ yě zhī néng dǎ wǒ  ， bú néng shā wǒ ！ zhāng chéng yá dà nù  ， pàn dào   ： yī rì yī qián  ， qiān rì qiān qián  ， shéng jù mù duàn  ， shuǐ dī shí chuān  。 wéi le chéng fá zhè zhǒng háng wéi  ， zhāng chéng yá dāng táng zhǎn le zhè gè xiǎo lì  。 '); 
INSERT INTO `idoms` VALUES ( 65 ,  '温故知新',   6 ,  '温故知新.mp4',  '温故知新.jpg',  '指回忆过去 ， 能更好地认识现在 。 出自《 论语 ・ 为政 》  。 ',  'zhǐ huí yì guò qù  ， néng gèng hǎo dì rèn shí xiàn zài  。 chū zì 《 lùn yǔ  ・ wéi zhèng  》  。 ',  '',  ''); 
INSERT INTO `idoms` VALUES ( 67 ,  '循序渐进',   6 ,  '循序渐进.mp4',  '循序渐进.jpg',  '意思是按一定的顺序 、 步骤逐渐进步  。 出自《 论语 ·  宪问 》  。 ',  'yì sī shì àn yī dìng de shùn xù  、 bù zhòu zhú jiàn jìn bù   。 chū zì 《 lùn yǔ  ·  xiàn wèn  》  。 ',  '从前纪昌去拜箭法高手飞卫为师学习射箭 ， 飞卫让他练好眼睛的基本功 ， 他回家看妻子织布 ， 练就圆睁眼睛 ， 一点也不眨 。 飞卫让他练把小东西看成大东西 ， 纪昌把头发上的小虱子看成车轮 ， 飞卫这才教他射箭 ， 从此成为百发百中的神射手 。 ',  'cóng qián jì chāng qù bài jiàn fǎ gāo shǒu fēi wèi wéi shī xué xí shè jiàn  ， fēi wèi ràng tā liàn hǎo yǎn jīng de jī běn gōng  ， tā huí jiā kàn qī zǐ zhī bù  ， liàn jiù yuán zhēng yǎn jīng  ， yī diǎn yě bú zhǎ  。 fēi wèi ràng tā liàn bǎ xiǎo dōng xī kàn chéng dà dōng xī  ， jì chāng bǎ tóu fā shàng de xiǎo shī zǐ kàn chéng chē lún  ， fēi wèi zhè cái jiāo tā shè jiàn  ， cóng cǐ chéng wéi bǎi fā bǎi zhōng de shén shè shǒu  。 '); 
INSERT INTO `idoms` VALUES ( 68 ,  '感恩图报',   6 ,  '感恩图报.mp4',  '感恩图报.jpg',  '意思是感激别人的恩惠而设法报答 。 出自《 寄欧阳舍人书 》  。 ',  'yì sī shì gǎn jī bié rén de ēn huì ér shè fǎ bào dá  。 chū zì 《 jì ōu yáng shě rén shū  》  。 ',  '春秋时候 ， 吴国的大将军伍子胥带领吴国的士兵要去攻打郑国 。 郑国的国君郑定公说  ： “  谁能够让伍子胥把士兵带回去 ， 不来攻打我们 ， 我一定重重地奖赏他 。 ”  可惜没有一个人想到好办法 ， 到了第四天早上 ， 有个年轻的打渔郎跑来找郑定公说  ： “  我有办法让伍子胥不来攻打郑国 。 ”  郑定公一听 ， 马上问打渔郎  ： “  你需要多少士兵和车子  ?  ” * 打渔郎摇摇头说  ： “  我不用士兵和车子 ， 也不用带食物 ， 我只要用我这根划船的桨 ， 就可以叫好几万的吴国士兵回去吴国 。 ”  是什么样的船桨那么厉害呀  ?  打渔郎把船桨夹在胳肢窝下面 ， 跑去吴国的兵营找伍子胥 。 * 他一边唱着歌 ， 一边敲打着船桨  ： “  芦中人 ， 芦中人； 渡过江 ， 谁的恩  ?  宝剑上 ， 七星文； 还给你 ， 带在身 。 你今天 ， 得意了 ， 可记得 ， 渔丈人  ?  ”  伍子胥看到打渔郎手上的船桨 ， 马上问他  ： “  年轻人 ， 你是谁呀  ?  ”  打渔郎回答说  ： “  你没看到我手里拿的船桨吗  ?  我爸爸就是靠这根船桨过日子 ， 他还用这根船桨救了你呀 。 ”  伍子胥一听  ： “  我想起来了！ 以前我逃难的时候 ， 有一个打渔的先生救过我 ， 我一直想报答他呢！ 原来你是他的儿子 ， 你怎么会来这里呢  ?  ” * 打渔郎说  ： “  还不是因为你们吴国要来攻打我们郑国 ， 我们这些打渔的人通通被叫来这里 。 我们的国君郑定公说  ： ( 只要谁能够请伍将军退兵 ， 不来攻打郑国 ， 我就重赏谁！ ) 希望伍将军看在我死去的爸爸曾经救过您 ， 不要来攻打郑国 ， 也让我回去能得到一些奖赏 。 ”  伍子胥带着感激的语气说  ： “  因为你爸爸救了我 ， 我才能够活着当上大将军 。 我怎么会忘记他的恩惠呢  ?  我一定会帮你这个忙的！ ”  伍子胥一说完 ， 马上把吴国的士兵通通带回去 。 打渔郎高兴地把这个好消息告诉郑定公 。 一下子 ， 全郑国的人都把打渔郎当成了大救星 ， 叫他 “  打渔的大夫”  ， 郑定公还送给他一百里的土地呢！ * 伍子胥为了报答打渔郎的爸爸帮助过他 ， 他不但不攻打郑国还让打渔郎得到奖赏 ， 这就叫做感恩图报 。 ',  'chūn qiū shí hòu  ， wú guó de dà jiāng jun  wǔ zǐ xū dài lǐng wú guó de shì bīng yào qù gōng dǎ zhèng guó  。 zhèng guó de guó jun  zhèng dìng gōng shuō   ： “  shuí néng gòu ràng wǔ zǐ xū bǎ shì bīng dài huí qù  ， bú lái gōng dǎ wǒ men  ， wǒ yī dìng zhòng zhòng dì jiǎng shǎng tā  。 ”  kě xī méi yǒu yī gè rén xiǎng dào hǎo bàn fǎ  ， dào le dì sì tiān zǎo shàng  ， yǒu gè nián qīng de dǎ yú láng pǎo lái zhǎo zhèng dìng gōng shuō   ： “  wǒ yǒu bàn fǎ ràng wǔ zǐ xū bú lái gōng dǎ zhèng guó  。 ”  zhèng dìng gōng yī tīng  ， mǎ shàng wèn dǎ yú láng   ： “  nǐ xū yào duō shǎo shì bīng hé chē zǐ   ?  ” * dǎ yú láng yáo yáo tóu shuō   ： “  wǒ bú yòng shì bīng hé chē zǐ  ， yě bú yòng dài shí wù  ， wǒ zhī yào yòng wǒ zhè gēn huá chuán de jiǎng  ， jiù kě yǐ jiào hǎo jǐ wàn de wú guó shì bīng huí qù wú guó  。 ”  shì shí me yàng de chuán jiǎng nà me lì hài ya   ?  dǎ yú láng bǎ chuán jiǎng jiá zài gē zhī wō xià miàn  ， pǎo qù wú guó de bīng yíng zhǎo wǔ zǐ xū  。 * tā yī biān chàng zhe gē  ， yī biān qiāo dǎ zhe chuán jiǎng   ： “  lú zhōng rén  ， lú zhōng rén ； dù guò jiāng  ， shuí de ēn   ?  bǎo jiàn shàng  ， qī xīng wén ； hái gěi nǐ  ， dài zài shēn  。 nǐ jīn tiān  ， dé yì le  ， kě jì dé  ， yú zhàng rén   ?  ”  wǔ zǐ xū kàn dào dǎ yú láng shǒu shàng de chuán jiǎng  ， mǎ shàng wèn tā   ： “  nián qīng rén  ， nǐ shì shuí ya   ?  ”  dǎ yú láng huí dá shuō   ： “  nǐ méi kàn dào wǒ shǒu lǐ ná de chuán jiǎng ma   ?  wǒ bà bà jiù shì kào zhè gēn chuán jiǎng guò rì zǐ  ， tā hái yòng zhè gēn chuán jiǎng jiù le nǐ ya  。 ”  wǔ zǐ xū yī tīng   ： “  wǒ xiǎng qǐ lái le ！ yǐ qián wǒ táo nán de shí hòu  ， yǒu yī gè dǎ yú de xiān shēng jiù guò wǒ  ， wǒ yī zhí xiǎng bào dá tā ne ！ yuán lái nǐ shì tā de ér zǐ  ， nǐ zěn me huì lái zhè lǐ ne   ?  ” * dǎ yú láng shuō   ： “  hái bú shì yīn wéi nǐ men wú guó yào lái gōng dǎ wǒ men zhèng guó  ， wǒ men zhè xiē dǎ yú de rén tōng tōng bèi jiào lái zhè lǐ  。 wǒ men de guó jun  zhèng dìng gōng shuō   ： ( zhī yào shuí néng gòu qǐng wǔ jiāng jun  tuì bīng  ， bú lái gōng dǎ zhèng guó  ， wǒ jiù zhòng shǎng shuí ！ ) xī wàng wǔ jiāng jun  kàn zài wǒ sǐ qù de bà bà céng jīng jiù guò nín  ， bú yào lái gōng dǎ zhèng guó  ， yě ràng wǒ huí qù néng dé dào yī xiē jiǎng shǎng  。 ”  wǔ zǐ xū dài zhe gǎn jī de yǔ qì shuō   ： “  yīn wéi nǐ bà bà jiù le wǒ  ， wǒ cái néng gòu huó zhe dāng shàng dà jiāng jun   。 wǒ zěn me huì wàng jì tā de ēn huì ne   ?  wǒ yī dìng huì bāng nǐ zhè gè máng de ！ ”  wǔ zǐ xū yī shuō wán  ， mǎ shàng bǎ wú guó de shì bīng tōng tōng dài huí qù  。 dǎ yú láng gāo xìng dì bǎ zhè gè hǎo xiāo xī gào sù zhèng dìng gōng  。 yī xià zǐ  ， quán zhèng guó de rén dōu bǎ dǎ yú láng dāng chéng le dà jiù xīng  ， jiào tā  “  dǎ yú de dà fū  ”  ， zhèng dìng gōng hái sòng gěi tā yī bǎi lǐ de tǔ dì ne  ！  *  wǔ zǐ xū wéi le bào dá dǎ yú láng de bà bà bāng zhù guò tā  ， tā bú dàn bú gōng dǎ zhèng guó hái ràng dǎ yú láng dé dào jiǎng shǎng  ， zhè jiù jiào zuò gǎn ēn tú bào  。 '); 
INSERT INTO `idoms` VALUES ( 69 ,  '全力以赴',   6 ,  '全力以赴.mp4',  '全力以赴.jpg',  '指把全部精力都投入进去 。 出自清 ·  赵翼《 二十二史札记 》  。 ',  'zhǐ bǎ quán bù jīng lì dōu tóu rù jìn qù  。 chū zì qīng  ·  zhào yì 《 èr shí èr shǐ zhá jì  》  。 ',  NULL,  NULL); 
INSERT INTO `idoms` VALUES ( 70 ,  '投鼠忌器',   7 ,  '投鼠忌器.mp4',  '投鼠忌器.jpg',  '比喻想打击坏人而又有所顾忌 。 ',  'bǐ yù xiǎng dǎ jī huài rén ér yòu yǒu suǒ gù jì  。 ',  '东汉末年 ， 汉献帝与丞相曹操 、 皇叔刘备一起去打猎 。 曹操为了显示自己的武力 ， 竟跟汉献帝齐头并进 。 汉献帝见不远处有只兔子 ， 就叫刘备射 ， 说是要看看皇叔的箭法 。 刘备连忙弯弓射箭 ， 正好命中兔子 ， 献帝连夸好箭法 。 献帝又看见一只大鹿 ， 连射三箭不中 ， 就叫曹操射 。 曹操拿过献帝的金比箭 ， 一箭就射中了鹿 。 将士们见射中鹿的是金比箭 ， 以为是献帝射的 ， 都高呼 “  万岁”  ， 曹操得意地站到献帝前接受欢呼 。 关云长实在看不下去 ， 要拍马刀砍曹操 ， 刘备忙暗示他不可轻举妄动 。 事后 ， 关云长问刘备为什么不让杀曹操 ， 他说  ： “  投鼠忌器 ， 他身边还有献帝呢 。 ” ',  'dōng hàn mò nián  ， hàn xiàn dì yǔ chéng xiàng cáo cāo  、 huáng shū liú bèi yī qǐ qù dǎ liè  。 cáo cāo wéi le xiǎn shì zì jǐ de wǔ lì  ， jìng gēn hàn xiàn dì qí tóu bìng jìn  。 hàn xiàn dì jiàn bú yuǎn chù yǒu zhī tù zǐ  ， jiù jiào liú bèi shè  ， shuō shì yào kàn kàn huáng shū de jiàn fǎ  。 liú bèi lián máng wān gōng shè jiàn  ， zhèng hǎo mìng zhōng tù zǐ  ， xiàn dì lián kuā hǎo jiàn fǎ  。 xiàn dì yòu kàn jiàn yī zhī dà lù  ， lián shè sān jiàn bú zhōng  ， jiù jiào cáo cāo shè  。 cáo cāo ná guò xiàn dì de jīn bǐ jiàn  ， yī jiàn jiù shè zhōng le lù  。 jiāng shì men jiàn shè zhōng lù de shì jīn bǐ jiàn  ， yǐ wéi shì xiàn dì shè de  ， dōu gāo hū  “  wàn suì ”  ， cáo cāo dé yì dì zhàn dào xiàn dì qián jiē shòu huān hū  。 guān yún zhǎng shí zài kàn bú xià qù  ， yào pāi mǎ dāo kǎn cáo cāo  ， liú bèi máng àn shì tā bú kě qīng jǔ wàng dòng  。 shì hòu  ， guān yún zhǎng wèn liú bèi wéi shí me bú ràng shā cáo cāo  ， tā shuō   ： “  tóu shǔ jì qì  ， tā shēn biān hái yǒu xiàn dì ne  。 ” '); 
INSERT INTO `idoms` VALUES ( 71 ,  '对牛弹琴',   7 ,  '对牛弹琴.mp4',  '对牛弹琴.jpg',  '意思是讥笑听话的人不懂对方说的是什么 。 用以讥笑说话的人不看对象 。 出自《 理惑论 》  。 ',  'yì sī shì jī xiào tīng huà de rén bú dǒng duì fāng shuō de shì shí me  。 yòng yǐ jī xiào shuō huà de rén bú kàn duì xiàng  。 chū zì 《 lǐ huò lùn  》  。 ',  '很久以前 ， 有一个叫公明仪的大音乐家 。 有一次 ， 他看到一头牛正在吃草 ， 就给牛弹奏了一曲深奥的 “  清角之操”  。 但牛就像没听到一样 ， 照常吃草 。 公明仪认真观察了一番 ， 发现牛不是没听到琴曲 ， 而是因为听不懂这首曲子 ， 所以才没有任何反应 。 * 明确这点后 ， 公明仪又弹了一首新曲子 ， 听起来就像蚊子 、 牛蝇和小牛在叫唤一样 。 牛听到这首曲子之后 ， 马上停下来 ， 摇头摆尾地竖着耳朵仔细听起来 。 ',  'hěn jiǔ yǐ qián  ， yǒu yī gè jiào gōng míng yí de dà yīn lè jiā  。 yǒu yī cì  ， tā kàn dào yī tóu niú zhèng zài chī cǎo  ， jiù gěi niú dàn zòu le yī qǔ shēn ào de  “  qīng jiǎo zhī cāo ”  。 dàn niú jiù xiàng méi tīng dào yī yàng  ， zhào cháng chī cǎo  。 gōng míng yí rèn zhēn guān chá le yī fān  ， fā xiàn niú bú shì méi tīng dào qín qǔ  ， ér shì yīn wéi tīng bú dǒng zhè shǒu qǔ zǐ  ， suǒ yǐ cái méi yǒu rèn hé fǎn yīng  。 * míng què zhè diǎn hòu  ， gōng míng yí yòu dàn le yī shǒu xīn qǔ zǐ  ， tīng qǐ lái jiù xiàng wén zǐ  、 niú yíng hé xiǎo niú zài jiào huàn yī yàng  。 niú tīng dào zhè shǒu qǔ zǐ zhī hòu  ， mǎ shàng tíng xià lái  ， yáo tóu bǎi wěi dì shù zhe ěr duǒ zǎi xì tīng qǐ lái  。 '); 
INSERT INTO `idoms` VALUES ( 72 ,  '杀鸡儆猴',   7 ,  '杀鸡儆猴.mp4',  '杀鸡儆猴.jpg',  '比喻用惩罚一个人的办法来警告别的人 。 出自《 易经 ・ 师 》  。 ',  'bǐ yù yòng chéng fá yī gè rén de bàn fǎ lái jǐng gào bié de rén  。 chū zì 《 yì jīng  ・ shī  》  。 ',  '春秋时期 ， 齐景公任命田穰苴为将 ， 带兵攻打晋 、 燕联军 ， 又派宠臣庄贾作监军 。 穰苴与庄贾约定 ， 第二天中午在营门集合 。 第二天 ， 穰苴早早到了营中 ， 命令装好作为计时器的标杆和滴漏盘 。 约定时间一到 ， 穰苴就到军营宣布军令 ， 整顿部队 。 可是庄贾迟迟不到 ， 穰苴几次派人催促 ， 直到黄昏时分 ， 庄贾才带着醉容到达营门 。 穰苴问他为何不按时到军营来 ， 庄贾无所谓 ， 只说什么亲威朋友都来为我设宴饯行 ， 我总得应酬应酬吧  ?  所以来得迟了 。 穰苴非常气愤 ， 斥责他身为国家大臣 ， 有监军重任 ， 却只恋自己的小家 ， 不以国家大事为重 。 庄贾以为这是区区小事 ， 仗着自己是国王的宠臣亲信 ， 对穰苴的话以为然 。 穰苴当着全军将士 ， 命令叫来军法官 ， 问  ： “  无故误了时间 ， 按照军法应当如何处理  ?  ”  军法官答道  ： “  该斩！ ”  穰苴即命拿下庄贾 。 庄贾吓得浑身发抖 ， 他的随从连忙飞马进宫 ， 向齐景公报告情况 ， 请求景公派人救命 。 在景公派的使者没有赶到之前 ， 穰苴即令将庄贾斩首示众 。 全军将士 ， 看到主将杀违犯军令的大臣 ， 个个吓得发抖 ， 谁还再敢不遵将令 。 这时 ， 景公派来的使臣飞马闯入军营 ，  拿景公的命令叫穰苴放了庄贾 。  穰苴沉着地应道  ： “  将在外 ， 君命有所不受 。 ”  他见来人骄狂 ， 便又叫来军法官 ， 问道  ： “  乱在军营跑马 ， 按军法应当如何处理  ?  ”  军法官答道  ： “  该斩 。  ’ 来使吓得面如土色 。 穰苴不慌不忙地说道  ： “  君王派来的使者 ， 可以不杀 。 ”  于是下令杀了他的随从和三驾车的左马 ， 砍断马车左边的木柱 。 然后让使者回去报告 。 穰苴军纪严明 ， 军队战斗力旺盛 ， 果然打了不少胜仗 。 ',  'chūn qiū shí qī  ， qí jǐng gōng rèn mìng tián ráng jū wéi jiāng  ， dài bīng gōng dǎ jìn  、 yàn lián jun   ， yòu pài chǒng chén zhuāng jiǎ zuò jiān jun   。 ráng jū yǔ zhuāng jiǎ yuē dìng  ， dì èr tiān zhōng wǔ zài yíng mén jí hé  。 dì èr tiān  ， ráng jū zǎo zǎo dào le yíng zhōng  ， mìng lìng zhuāng hǎo zuò wéi jì shí qì de biāo gǎn hé dī lòu pán  。 yuē dìng shí jiān yī dào  ， ráng jū jiù dào jun  yíng xuān bù jun  lìng  ， zhěng dùn bù duì  。 kě shì zhuāng jiǎ chí chí bú dào  ， ráng jū jǐ cì pài rén cuī cù  ， zhí dào huáng hūn shí fèn  ， zhuāng jiǎ cái dài zhe zuì róng dào dá yíng mén  。 ráng jū wèn tā wéi hé bú àn shí dào jun  yíng lái  ， zhuāng jiǎ wú suǒ wèi  ， zhī shuō shí me qīn wēi péng yǒu dōu lái wéi wǒ shè yàn jiàn háng  ， wǒ zǒng dé yīng chóu yīng chóu ba   ?  suǒ yǐ lái dé chí le  。 ráng jū fēi cháng qì fèn  ， chì zé tā shēn wéi guó jiā dà chén  ， yǒu jiān jun  zhòng rèn  ， què zhī liàn zì jǐ de xiǎo jiā  ， bú yǐ guó jiā dà shì wéi zhòng  。 zhuāng jiǎ yǐ wéi zhè shì qū qū xiǎo shì  ， zhàng zhe zì jǐ shì guó wáng de chǒng chén qīn xìn  ， duì ráng jū de huà yǐ wéi rán  。 ráng jū dāng zhe quán jun  jiāng shì  ， mìng lìng jiào lái jun  fǎ guān  ， wèn   ： “  wú gù wù le shí jiān  ， àn zhào jun  fǎ yīng dāng rú hé chù lǐ   ?  ”  jun  fǎ guān dá dào   ： “  gāi zhǎn ！ ”  ráng jū jí mìng ná xià zhuāng jiǎ  。 zhuāng jiǎ xià dé hún shēn fā dǒu  ， tā de suí cóng lián máng fēi mǎ jìn gōng  ， xiàng qí jǐng gōng bào gào qíng kuàng  ， qǐng qiú jǐng gōng pài rén jiù mìng  。 zài jǐng gōng pài de shǐ zhě méi yǒu gǎn dào zhī qián  ， ráng jū jí lìng jiāng zhuāng jiǎ zhǎn shǒu shì zhòng  。 quán jun  jiāng shì  ， kàn dào zhǔ jiāng shā wéi fàn jun  lìng de dà chén  ， gè gè xià dé fā dǒu  ， shuí hái zài gǎn bú zūn jiāng lìng  。 zhè shí  ， jǐng gōng pài lái de shǐ chén fēi mǎ chuǎng rù jun  yíng  ，  ná jǐng gōng de mìng lìng jiào ráng jū fàng le zhuāng jiǎ  。  ráng jū chén zhe dì yīng dào   ： “  jiāng zài wài  ， jun  mìng yǒu suǒ bú shòu  。 ”  tā jiàn lái rén jiāo kuáng  ， biàn yòu jiào lái jun  fǎ guān  ， wèn dào   ： “  luàn zài jun  yíng pǎo mǎ  ， àn jun  fǎ yīng dāng rú hé chù lǐ   ?  ”  jun  fǎ guān dá dào   ： “  gāi zhǎn  。  ’ lái shǐ xià dé miàn rú tǔ sè  。 ráng jū bú huāng bú máng dì shuō dào   ： “  jun  wáng pài lái de shǐ zhě  ， kě yǐ bú shā  。 ”  yú shì xià lìng shā le tā de suí cóng hé sān jià chē de zuǒ mǎ  ， kǎn duàn mǎ chē zuǒ biān de mù zhù  。 rán hòu ràng shǐ zhě huí qù bào gào  。 ráng jū jun  jì yán míng  ， jun  duì zhàn dòu lì wàng shèng  ， guǒ rán dǎ le bú shǎo shèng zhàng  。 '); 
INSERT INTO `idoms` VALUES ( 73 ,  '狐假虎威',   7 ,  '狐假虎威.mp4',  '狐假虎威.jpg',  '比喻仰仗或倚仗别人的权势来欺压 、 恐吓人 。 出自《 战国策 ・ 楚策一 》  。 ',  'bǐ yù yǎng zhàng huò yǐ zhàng bié rén de quán shì lái qī yā  、 kǒng xià rén  。 chū zì 《 zhàn guó cè  ・ chǔ cè yī  》  。 ',  '老虎寻找各种野兽吃掉他们 ， 抓到一只狐狸 。 狐狸说  ： “  您不敢吃我 。 上帝派遣我来做各种野兽的首领 ， 现在你吃掉我 ， 是违背上帝的命令 。 你认为我的话不诚实 ， 我在你前面行走 ， 你跟随在我后面 ， 观看各种野兽看见我有敢不逃跑的吗  ?  ”  老虎认为狐狸的话是有道理的 ， 所以就和它一起走 。 野兽看见它们都逃跑了 。 老虎不知道野兽是害怕自己而逃跑的 ， 认为它们是害怕狐狸 。 ',  'lǎo hǔ xún zhǎo gè zhǒng yě shòu chī diào tā men  ， zhuā dào yī zhī hú lí  。 hú lí shuō   ： “  nín bú gǎn chī wǒ  。 shàng dì pài qiǎn wǒ lái zuò gè zhǒng yě shòu de shǒu lǐng  ， xiàn zài nǐ chī diào wǒ  ， shì wéi bèi shàng dì de mìng lìng  。 nǐ rèn wéi wǒ de huà bú chéng shí  ， wǒ zài nǐ qián miàn háng zǒu  ， nǐ gēn suí zài wǒ hòu miàn  ， guān kàn gè zhǒng yě shòu kàn jiàn wǒ yǒu gǎn bú táo pǎo de ma   ?  ”  lǎo hǔ rèn wéi hú lí de huà shì yǒu dào lǐ de  ， suǒ yǐ jiù hé tā yī qǐ zǒu  。 yě shòu kàn jiàn tā men dōu táo pǎo le  。 lǎo hǔ bú zhī dào yě shòu shì hài pà zì jǐ ér táo pǎo de  ， rèn wéi tā men shì hài pà hú lí  。 '); 
INSERT INTO `idoms` VALUES ( 74 ,  '守株待兔',   7 ,  '守株待兔.mp4',  '守株待兔.jpg',  '比喻死守经验 ， 不知变通 。 出自《 韩非子 ・ 五蠹 》  。 ',  'bǐ yù sǐ shǒu jīng yàn  ， bú zhī biàn tōng  。 chū zì 《 hán fēi zǐ  ・ wǔ dù  》  。 ',  '从前宋国有一个农夫在地里干活 ， 忽然从远处跑来一只兔子 ， 它十分慌张 ， 一不小心就撞在树桩上死了 。 农夫很高兴 ， 捡起这只死兔子回家美美地饱餐一顿 。 他想每天都有这样的好事就好了 ， 于是他放下农具整天守在那颗树下 ， 一无所获 。 ',  'cóng qián sòng guó yǒu yī gè nóng fū zài dì lǐ gàn huó  ， hū rán cóng yuǎn chù pǎo lái yī zhī tù zǐ  ， tā shí fèn huāng zhāng  ， yī bú xiǎo xīn jiù zhuàng zài shù zhuāng shàng sǐ le  。 nóng fū hěn gāo xìng  ， jiǎn qǐ zhè zhī sǐ tù zǐ huí jiā měi měi dì bǎo cān yī dùn  。 tā xiǎng měi tiān dōu yǒu zhè yàng de hǎo shì jiù hǎo le  ， yú shì tā fàng xià nóng jù zhěng tiān shǒu zài nà kē shù xià  ， yī wú suǒ huò  。 '); 
INSERT INTO `idoms` VALUES ( 75 ,  '鸡鸣狗盗',   7 ,  '鸡鸣狗盗.mp4',  '鸡鸣狗盗.jpg',  '指微不足道的本领 ， 也指偷偷摸摸的行为 。 出自《 史记 ・ 孟尝君列传 》  。 ',  'zhǐ wēi bú zú dào de běn lǐng  ， yě zhǐ tōu tōu mō mō de háng wéi  。 chū zì 《 shǐ jì  ・ mèng cháng jun  liè chuán  》  。 ',  '战国时候 ， 齐国的孟尝君喜欢招纳各种人做门客 ， 号称宾客三千 。 他对宾客是来者不拒 ， 有才能的让他们各尽其能 ， 没有才能的也提供食宿 。 有一次 ， 孟尝君率领众宾客出使秦国 。 秦昭王将他留下 ， 想让他当相国 。 孟尝君不敢得罪秦昭王 ， 只好留下来 。 * 不久 ， 大臣们劝秦王说  ： “  留下孟尝君对秦国是不利的 ， 他出身王族 ， 在齐国有封地 ， 有家人 ， 怎么会真心为秦国办事呢  ?  ”  秦昭王觉得有理 ， 便改变了主意 ， 把孟尝君和他的手下人软禁起来 ， 只等找个借口杀掉 。 秦昭王有个最受宠爱的妃子 ， 只要妃子说一 ， 昭王绝不说二 。 孟尝君派人去求她救助 。 妃子答应了 ， 条件是拿齐国那一件天下无双的狐白裘 ( 用白色狐腋的皮毛做成的皮衣 ) 做报酬 。 这可叫孟尝君作难了 ， 因为刚到秦国 ， 他便把这件狐白裘献给了秦昭王 。 就在这时候 ， 有一个门客说  ： “  我能把狐白裘找来！ ”  说完就走了 。 原来这个门客最善于钻狗洞偷东西 。 他先摸清情况 ， 知道昭王特别喜爱那件狐裘 ， 一时舍不得穿 ， 放在宫中的精品贮藏室里 。 他便借着月光 ， 逃过巡逻人的眼睛 ， 轻易地钻进贮藏室把狐裘偷出来 。 * 妃子见到狐白裘高兴极了 ， 想方设法说服秦昭王放弃了杀孟尝君的念头 ， 并准备过两天为他饯行 ， 送他回齐国 。 孟尝君可不敢再等过两天 ， 立即率领手下人连夜偷偷骑马向东快奔 。 到了函谷关 ( 在今河南省灵宝市 ， 当时是秦国的东大门 ) 正是半夜 。 按秦国法规 ， 函谷关每天鸡叫才开门 ， 半夜时候 ， 鸡可怎么能叫呢  ?  大家正犯愁时 ， 只听见几声 “  喔 ， 喔 ， 喔”  的雄鸡啼鸣 ， 接着 ， 城关外的雄鸡都打鸣了 。  原来 ， 孟尝君的另一个门客会学鸡叫 ， 而鸡是只要听到第一声啼叫就立刻会跟着叫起来的 。 怎么还没睡蹭实鸡就叫了呢  ?  守关的士兵虽然觉得奇怪 ， 但也只得起来打开关门 ， 放他们出去 。 天亮了 ， 秦昭王得知孟尝君一行已经逃走 ， 立刻派出人马追赶 。 追到函谷关 ， 人家已经出关多时了 。 孟尝君靠着鸡鸣狗盗之士逃回了齐国 。 故事出自《 史记 ・ 孟尝君列传 》  。 成语 “  鸡鸣狗盗”  比喻卑下的技能或具有这种技能的人 。 ',  'zhàn guó shí hòu  ， qí guó de mèng cháng jun  xǐ huān zhāo nà gè zhǒng rén zuò mén kè  ， hào chēng bīn kè sān qiān  。 tā duì bīn kè shì lái zhě bú jù  ， yǒu cái néng de ràng tā men gè jìn qí néng  ， méi yǒu cái néng de yě tí gòng shí xiǔ  。 yǒu yī cì  ， mèng cháng jun  lǜ lǐng zhòng bīn kè chū shǐ qín guó  。 qín zhāo wáng jiāng tā liú xià  ， xiǎng ràng tā dāng xiàng guó  。 mèng cháng jun  bú gǎn dé zuì qín zhāo wáng  ， zhī hǎo liú xià lái  。 * bú jiǔ  ， dà chén men quàn qín wáng shuō   ： “  liú xià mèng cháng jun  duì qín guó shì bú lì de  ， tā chū shēn wáng zú  ， zài qí guó yǒu fēng dì  ， yǒu jiā rén  ， zěn me huì zhēn xīn wéi qín guó bàn shì ne   ?  ”  qín zhāo wáng jiào dé yǒu lǐ  ， biàn gǎi biàn le zhǔ yì  ， bǎ mèng cháng jun  hé tā de shǒu xià rén ruǎn jìn qǐ lái  ， zhī děng zhǎo gè jiè kǒu shā diào  。 qín zhāo wáng yǒu gè zuì shòu chǒng ài de fēi zǐ  ， zhī yào fēi zǐ shuō yī  ， zhāo wáng jué bú shuō èr  。 mèng cháng jun  pài rén qù qiú tā jiù zhù  。 fēi zǐ dá yīng le  ， tiáo jiàn shì ná qí guó nà yī jiàn tiān xià wú shuāng de hú bái qiú  ( yòng bái sè hú yè de pí máo zuò chéng de pí yī  ) zuò bào chóu  。 zhè kě jiào mèng cháng jun  zuò nán le  ， yīn wéi gāng dào qín guó  ， tā biàn bǎ zhè jiàn hú bái qiú xiàn gěi le qín zhāo wáng  。 jiù zài zhè shí hòu  ， yǒu yī gè mén kè shuō   ： “  wǒ néng bǎ hú bái qiú zhǎo lái ！ ”  shuō wán jiù zǒu le  。 yuán lái zhè gè mén kè zuì shàn yú zuàn gǒu dòng tōu dōng xī  。 tā xiān mō qīng qíng kuàng  ， zhī dào zhāo wáng tè bié xǐ ài nà jiàn hú qiú  ， yī shí shě bú dé chuān  ， fàng zài gōng zhōng de jīng pǐn zhù cáng shì lǐ  。 tā biàn jiè zhe yuè guāng  ， táo guò xún luó rén de yǎn jīng  ， qīng yì dì zuàn jìn zhù cáng shì bǎ hú qiú tōu chū lái  。 * fēi zǐ jiàn dào hú bái qiú gāo xìng jí le  ， xiǎng fāng shè fǎ shuō fú qín zhāo wáng fàng qì le shā mèng cháng jun  de niàn tóu  ， bìng zhǔn bèi guò liǎng tiān wéi tā jiàn háng  ， sòng tā huí qí guó  。 mèng cháng jun  kě bú gǎn zài děng guò liǎng tiān  ， lì jí lǜ lǐng shǒu xià rén lián yè tōu tōu qí mǎ xiàng dōng kuài bēn  。 dào le hán gǔ guān  ( zài jīn hé nán shěng líng bǎo shì  ， dāng shí shì qín guó de dōng dà mén  ) zhèng shì bàn yè  。 àn qín guó fǎ guī  ， hán gǔ guān měi tiān jī jiào cái kāi mén  ， bàn yè shí hòu  ， jī kě zěn me néng jiào ne   ?  dà jiā zhèng fàn chóu shí  ， zhī tīng jiàn jǐ shēng  “  wō  ， wō  ， wō ”  de xióng jī tí míng  ， jiē zhe  ， chéng guān wài de xióng jī dōu dǎ míng le  。  yuán lái  ， mèng cháng jun  de lìng yī gè mén kè huì xué jī jiào  ， ér jī shì zhī yào tīng dào dì yī shēng tí jiào jiù lì kè huì gēn zhe jiào qǐ lái de  。 zěn me hái méi shuì cèng shí jī jiù jiào le ne   ?  shǒu guān de shì bīng suī rán jiào dé qí guài  ， dàn yě zhī dé qǐ lái dǎ kāi guān mén  ， fàng tā men chū qù  。 tiān liàng le  ， qín zhāo wáng dé zhī mèng cháng jun  yī háng yǐ jīng táo zǒu  ， lì kè pài chū rén mǎ zhuī gǎn  。 zhuī dào hán gǔ guān  ， rén jiā yǐ jīng chū guān duō shí le  。 mèng cháng jun  kào zhe jī míng gǒu dào zhī shì táo huí le qí guó  。 gù shì chū zì 《 shǐ jì  ・ mèng cháng jun  liè chuán  》  。 chéng yǔ  “  jī míng gǒu dào ”  bǐ yù bēi xià de jì néng huò jù yǒu zhè zhǒng jì néng de rén  。 '); 
INSERT INTO `idoms` VALUES ( 76 ,  '叶公好龙',   7 ,  '叶公好龙.mp4',  '叶公好龙.jpg',  '比喻口头上说爱好某事物 ， 实际上并不真爱好 。 出自刘向的《 新序 ・ 杂事五 》  。 ',  'bǐ yù kǒu tóu shàng shuō ài hǎo mǒu shì wù  ， shí jì shàng bìng bú zhēn ài hǎo  。 chū zì liú xiàng de 《 xīn xù  ・ zá shì wǔ  》  。 ',  '叶公喜欢龙 ， 衣带 、 酒器上都刻着龙 ， 居室里雕镂装饰的也是龙 。 他这样爱龙 ， 被天上的真龙知道后 ， 便从天上下降到叶公家里 ， 龙头搭在窗台上探望 ， 龙尾伸到了厅堂里 。 叶公一看是真龙 ， 转身就跑 ， 吓得他像失了魂似的 ， 惊恐万状 ， 不能控制自己 。 由此看来 ， 叶公并不是真的喜欢龙 ， 他喜欢的只不过是那些像龙而不是龙的东西罢了 。 ',  'yè gōng xǐ huān lóng  ， yī dài  、 jiǔ qì shàng dōu kè zhe lóng  ， jū shì lǐ diāo lòu zhuāng shì de yě shì lóng  。 tā zhè yàng ài lóng  ， bèi tiān shàng de zhēn lóng zhī dào hòu  ， biàn cóng tiān shàng xià jiàng dào yè gōng jiā lǐ  ， lóng tóu dā zài chuāng tái shàng tàn wàng  ， lóng wěi shēn dào le tīng táng lǐ  。 yè gōng yī kàn shì zhēn lóng  ， zhuǎn shēn jiù pǎo  ， xià dé tā xiàng shī le hún sì de  ， jīng kǒng wàn zhuàng  ， bú néng kòng zhì zì jǐ  。 yóu cǐ kàn lái  ， yè gōng bìng bú shì zhēn de xǐ huān lóng  ， tā xǐ huān de zhī bú guò shì nà xiē xiàng lóng ér bú shì lóng de dōng xī bà le  。 '); 
INSERT INTO `idoms` VALUES ( 77 ,  '画蛇添足',   7 ,  '画蛇添足.mp4',  '画蛇添足.jpg',  '比喻一人做了一件事 ， 不但无益 ， 反而不合适 ， 也比喻虚构事实 ， 无中生有 ， 多此一举 。 出自《 战国策 ・ 齐策二 》  。 ',  'bǐ yù yī rén zuò le yī jiàn shì  ， bú dàn wú yì  ， fǎn ér bú hé shì  ， yě bǐ yù xū gòu shì shí  ， wú zhōng shēng yǒu  ， duō cǐ yī jǔ  。 chū zì 《 zhàn guó cè  ・ qí cè èr  》  。 ',  '古时候 ， 楚国有一家人 ， 祭完祖之后 ， 准备将祭祀用的一壶酒 ， 赏给帮忙办事的人喝 。 帮忙办事的人很多 ， 这壶酒如果大家都喝是不够的 ， 若是让一个人喝 ， 那能喝得有余 。 这一壶酒到底怎么分呢  ?  * 大家都安静下来 ， 这时有人建议  ： 每个人在地上画一条蛇 ， 谁画得快 ， 这壶酒就归他喝 。 大家都认为这个方法好 ， 都同意这样做 。 于是 ， 在地上画起蛇来 。 有个人画得很快 ， 一转眼最先画好了 ， 他就端起酒壶要喝酒 。 但是他回 头看看别人 ， 还都没有画好呢 。 心里想  ： 他们画得真慢 。  他洋洋得意地说  ：  “  你们画得好慢啊！ 我再给蛇画几只脚也不算晚呢！ ”  于是 ， 他便左手提着酒壶 ， 右手给蛇画起脚来 。 * 正在他一边给蛇画脚 ， 一边说话的时候 ， 另外一个人已经画好了 。 那个人 马上把酒壶从他手里夺过去 ， 说  ： “ 你见过蛇吗  ?  蛇是没有脚的 ， 你为什么要给它添上脚呢  ?  所以第一个画好蛇的人不是你 ， 而是我了！ “ 那个人说罢就仰起头来 ， 咕咚咕咚把酒喝下去了 。 ',  'gǔ shí hòu  ， chǔ guó yǒu yī jiā rén  ， jì wán zǔ zhī hòu  ， zhǔn bèi jiāng jì sì yòng de yī hú jiǔ  ， shǎng gěi bāng máng bàn shì de rén hē  。 bāng máng bàn shì de rén hěn duō  ， zhè hú jiǔ rú guǒ dà jiā dōu hē shì bú gòu de  ， ruò shì ràng yī gè rén hē  ， nà néng hē dé yǒu yú  。 zhè yī hú jiǔ dào dǐ zěn me fèn ne   ?  * dà jiā dōu ān jìng xià lái  ， zhè shí yǒu rén jiàn yì   ： měi gè rén zài dì shàng huà yī tiáo shé  ， shuí huà dé kuài  ， zhè hú jiǔ jiù guī tā hē  。 dà jiā dōu rèn wéi zhè gè fāng fǎ hǎo  ， dōu tóng yì zhè yàng zuò  。 yú shì  ， zài dì shàng huà qǐ shé lái  。 yǒu gè rén huà dé hěn kuài  ， yī zhuǎn yǎn zuì xiān huà hǎo le  ， tā jiù duān qǐ jiǔ hú yào hē jiǔ  。 dàn shì tā huí  tóu kàn kàn bié rén  ， hái dōu méi yǒu huà hǎo ne  。 xīn lǐ xiǎng   ： tā men huà dé zhēn màn  。  tā yáng yáng dé yì dì shuō   ：  “  nǐ men huà dé hǎo màn ā ！ wǒ zài gěi shé huà jǐ zhī jiǎo yě bú suàn wǎn ne ！ ”  yú shì  ， tā biàn zuǒ shǒu tí zhe jiǔ hú  ， yòu shǒu gěi shé huà qǐ jiǎo lái  。 * zhèng zài tā yī biān gěi shé huà jiǎo  ， yī biān shuō huà de shí hòu  ， lìng wài yī gè rén yǐ jīng huà hǎo le  。 nà gè rén  mǎ shàng bǎ jiǔ hú cóng tā shǒu lǐ duó guò qù  ， shuō   ： “ nǐ jiàn guò shé ma   ?  shé shì méi yǒu jiǎo de  ， nǐ wéi shí me yào gěi tā tiān shàng jiǎo ne   ?  suǒ yǐ dì yī gè huà hǎo shé de rén bú shì nǐ  ， ér shì wǒ le ！ “ nà gè rén shuō bà jiù yǎng qǐ tóu lái  ， gū dōng gū dōng bǎ jiǔ hē xià qù le  。 '); 
INSERT INTO `idoms` VALUES ( 78 ,  '呆若木鸡',   7 ,  '呆若木鸡.mp4',  '呆若木鸡.jpg',  '形容一个人有些痴傻发愣的样子 ， 或因恐惧或惊异而发愣的样子 。 出自《 庄子 ·  达生 》  。 ',  'xíng róng yī gè rén yǒu xiē chī shǎ fā lèng de yàng zǐ  ， huò yīn kǒng jù huò jīng yì ér fā lèng de yàng zǐ  。 chū zì 《 zhuāng zǐ  ·  dá shēng  》  。 ',  NULL,  NULL); 
INSERT INTO `idoms` VALUES ( 79 ,  '人仰马翻',   7 ,  '人仰马翻.mp4',  '人仰马翻.jpg',  '形容被打得惨败 。 也比喻乱得一塌糊涂 ， 不可收拾 。 出自《 红楼梦 》  。 ',  'xíng róng bèi dǎ dé cǎn bài  。 yě bǐ yù luàn dé yī tā hú tú  ， bú kě shōu shí  。 chū zì 《 hóng lóu mèng  》  。 ',  '',  ''); 
INSERT INTO `idoms` VALUES ( 80 ,  '亡羊补牢',   7 ,  '亡羊补牢.mp4',  '亡羊补牢.jpg',  '比喻出了问题以后想办法补救 ， 免得以后继续受损失 。 出自《 战国策 ・ 楚策 》  。 ',  'bǐ yù chū le wèn tí yǐ hòu xiǎng bàn fǎ bǔ jiù  ， miǎn dé yǐ hòu jì xù shòu sǔn shī  。 chū zì 《 zhàn guó cè  ・ chǔ cè  》  。 ',  '战国时楚襄王荒淫无度 ， 执迷不悟 ， 将劝谏的大臣庄辛赶出楚国 。 秦国趁机征伐 ， 很快占领楚都郢 。 楚襄王后悔不已 ， 派人到赵国请回庄辛 ， 庄辛说  ： “  见兔而顾犬 ， 未为晚也； 亡羊则补牢 ， 未为迟也 。 ”  鼓励楚襄王励精图治 、 重整旗鼓 。 ',  'zhàn guó shí chǔ xiāng wáng huāng yín wú dù  ， zhí mí bú wù  ， jiāng quàn jiàn de dà chén zhuāng xīn gǎn chū chǔ guó  。 qín guó chèn jī zhēng fá  ， hěn kuài zhàn lǐng chǔ dōu yǐng  。 chǔ xiāng wáng hòu huǐ bú yǐ  ， pài rén dào zhào guó qǐng huí zhuāng xīn  ， zhuāng xīn shuō   ： “  jiàn tù ér gù quǎn  ， wèi wéi wǎn yě ； wáng yáng zé bǔ láo  ， wèi wéi chí yě  。 ”  gǔ lì chǔ xiāng wáng lì jīng tú zhì  、 zhòng zhěng qí gǔ  。 '); 

-- ----------------------------
-- Table structure for sort
-- ----------------------------
DROP TABLE IF EXISTS `sort`; 
CREATE TABLE `sort`  (
  `id` int( 0 ) NOT NULL, 
  `sname_ch` varchar( 100 ) CHARACTER SET utf8mb4  COLLATE utf8mb4_0900_ai_ci NULL DEFAULT NULL, 
  PRIMARY KEY (`id`) USING BTREE
) ENGINE = InnoDB CHARACTER SET = utf8mb4  COLLATE = utf8mb4_0900_ai_ci ROW_FORMAT = Dynamic; 

-- ----------------------------
-- Records of sort
-- ----------------------------
INSERT INTO `sort` VALUES ( 1 ,  '历史故事成语'); 
INSERT INTO `sort` VALUES ( 2 ,  '数字成语'); 
INSERT INTO `sort` VALUES ( 3 ,  '神话故事成语'); 
INSERT INTO `sort` VALUES ( 4 ,  '寓言故事成语'); 
INSERT INTO `sort` VALUES ( 5 ,  '名著故事成语'); 
INSERT INTO `sort` VALUES ( 6 ,  '励志成语'); 
INSERT INTO `sort` VALUES ( 7 ,  '十二生肖成语'); 

-- ----------------------------
-- Table structure for users
-- ----------------------------
DROP TABLE IF EXISTS `users`; 
CREATE TABLE `users`  (
  `user_name` varchar( 255 ) CHARACTER SET utf8mb4  COLLATE utf8mb4_0900_ai_ci NOT NULL, 
  `password` varchar( 255 ) CHARACTER SET utf8mb4  COLLATE utf8mb4_0900_ai_ci NULL DEFAULT NULL, 
  `email` varchar( 255 ) CHARACTER SET utf8mb4  COLLATE utf8mb4_0900_ai_ci NULL DEFAULT NULL
) ENGINE = InnoDB CHARACTER SET = utf8mb4  COLLATE = utf8mb4_0900_ai_ci ROW_FORMAT = Dynamic; 

-- ----------------------------
-- Records of users
-- ----------------------------
INSERT INTO `users` VALUES (' 1  1  1 ',  ' 1  1  1 ',  ' 1  1  1 @qq.com'); 
INSERT INTO `users` VALUES (' 2  2  2 ',  ' 2  2  2 ',  ' 2  2  2 @qq.com'); 
INSERT INTO `users` VALUES (' 3  3  3 ',  ' 3  3  3 ',  ' 3  3  3 @qq.com'); 

SET FOREIGN_KEY_CHECKS =  1 ; 
